KEY,English,Vietnamese,Korean
ufood_des_1,"Steaming broth swirls around tender beef slices, rice noodles, and fresh herbs in a fragrant symphony.","Nước dùng hấp xoay quanh những lát thịt bò mềm, mì gạo và các loại thảo mộc tươi trong một bản giao hưởng thơm.","향기로운 교향곡의 부드러운 쇠고기 조각, 쌀 국수 및 신선한 허브 주위에 찐 국물이 소용돌이칩니다."
ufood_des_2,"A warming dance of savory spices with thin rice noodles and succulent beef, a comforting bowl that hugs your taste buds.","Một điệu nhảy ấm áp của các loại gia vị mặn với mì gạo mỏng và thịt bò mọng nước, một bát an ủi ôm chồi vị giác của bạn.","얇은 쌀 국수와 즙이 많은 쇠고기를 곁들인 풍미있는 향신료의 온난화 춤, 당신의 입맛을 껴안는 편안한 그릇."
ufood_des_3,"Fragrant broth cradles tender beef, while rice noodles twirl like ribbons in this Vietnamese masterpiece.","Nước dùng thơm bradles thịt bò mềm, trong khi mì gạo xoay tròn như ruy băng trong kiệt tác Việt Nam này.",향기로운 국물은 부드러운 쇠고기를 조롱하고 쌀 국수는이 베트남의 걸작에서 리본처럼 돌립니다.
ufood_des_4,"Layers of flavor unfold in a bowl—beef, herbs, and rice noodles create a harmonious melody that satisfies every craving.","Các lớp hương vị mở ra trong một bát beef, thảo mộc và mì gạo tạo ra một giai điệu hài hòa thỏa mãn mọi sự thèm muốn.",그릇에 풍미의 층이 펼쳐집니다.
ufood_des_5,"A canvas of beef slices, rice noodles, and aromatic broth paints a masterpiece of Vietnamese culinary artistry.","Một bức tranh của lát thịt bò, mì gạo và nước dùng thơm vẽ một kiệt tác của nghệ thuật ẩm thực Việt Nam.","쇠고기 조각, 쌀 국수 및 향기로운 국물의 캔버스는 베트남 요리 예술가의 걸작을 그립니다."
ufood_des_6,"A steaming bowl filled with the essence of Vietnam—rich broth, tender beef, and delicate rice noodles.","Một bát hấp chứa đầy bản chất của nước dùng giàu Việt Nam, thịt bò mềm và mì gạo tinh tế.","리치 국물, 부드러운 쇠고기 및 섬세한 쌀 국수 등 베트남의 본질로 가득 찬 김이 나는 그릇."
ufood_des_7,"Vietnamese comfort in a bowl: thinly sliced beef, rice noodles, and an aromatic broth that whispers of exotic spices.","Sự thoải mái của Việt Nam trong một cái bát: thịt bò thái lát mỏng, mì gạo và nước dùng thơm thì thì thầm của các loại gia vị kỳ lạ.","그릇에 베트남의 편안함 : 얇게 썬 쇠고기, 쌀 국수 및 이국적인 향신료를 속삭이는 향기로운 국물."
ufood_des_8,"Fragrant herbs, thin rice noodles, and succulent beef waltz together in a bowl of Vietnamese culinary poetry.","Các loại thảo mộc thơm, mì gạo mỏng và thịt bò mọng nước cùng nhau trong một bát thơ ẩm thực Việt Nam.","향기로운 허브, 얇은 쌀 국수 및 즙이 많은 쇠고기 왈츠는 베트남 요리시 한 그릇에 함께 있습니다."
ufood_des_9,"A sensory journey through Vietnam—tender beef, delicate rice noodles, and aromatic broth create an unforgettable symphony.","Một hành trình cảm giác thông qua thịt bò của Việt Nam, mì gạo tinh tế và nước dùng thơm tạo ra một bản giao hưởng không thể quên.","베트남을 통과하는 감각적 인 여행과 같은 쇠고기, 섬세한 쌀 국수 및 향기로운 국물은 잊을 수없는 심포니를 만듭니다."
ufood_des_10,"Layers of goodness unfold in each spoonful—beef, rice noodles, and herbs bathed in a soul-soothing Vietnamese broth.","Các lớp lòng tốt mở ra trong mỗi muỗng beef, mì gạo và các loại thảo mộc tắm trong nước dùng Việt Nam làm dịu tâm hồn.","영혼의 경건한 베트남 국물에 목욕을하는 각 숟가락, 즉 각 숟가락에서 선의 층이 전개됩니다."
ufood_des_11,"A flavorful embrace of beef, rice noodles, and aromatic broth that transports you to the vibrant streets of Hanoi.","Một cái ôm hương vị của thịt bò, mì gạo và nước dùng thơm vận chuyển bạn đến những con đường sôi động của Hà Nội.","쇠고기, 쌀 국수 및 향기로운 국물을 맛있는 포옹으로 하노이의 활기찬 거리로 당신을 운반합니다."
ufood_des_12,"Vietnamese perfection in a bowl—tender beef, rice noodles, and a broth infused with the soul of traditional spices.","Sự hoàn hảo của người Việt Nam trong một cái thịt bò ăn thịt, mì gạo và nước dùng được truyền vào linh hồn của các loại gia vị truyền thống.","그릇에있는 베트남 완벽 - 쇠고기, 쌀 국수 및 전통 향신료의 영혼이 주입 된 국물."
ufood_des_13,"Savor the essence of Vietnam—thinly sliced beef, rice noodles, and aromatic broth in perfect harmony.","Thưởng thức bản chất của Việt Nam, thịt bò cắt lát, mì gạo và nước dùng thơm trong sự hài hòa hoàn hảo.",베트남의 본질을 맛보십시오.
ufood_des_14,"A fragrant blend of beef, rice noodles, and fresh herbs—an ode to the exquisite flavors of Vietnamese cuisine.","Một sự pha trộn thơm của thịt bò, mì gạo và các loại thảo mộc tươi, một bản gốc cho hương vị tinh tế của ẩm thực Việt Nam.","쇠고기, 쌀 국수 및 신선한 허브의 향기로운 조화는 베트남 요리의 절묘한 맛을 향한 것입니다."
ufood_des_15,"A bowl of Vietnamese elegance—tender beef, rice noodles, and a broth that whispers tales of distant spice markets.","Một bát thịt bò thanh lịch Việt Nam, mì gạo, và một nước dùng thì thầm những câu chuyện về các thị trường gia vị xa xôi.","베트남 우아함 한 그릇 - 텐더 쇠고기, 쌀 국수 및 먼 향신료 시장의 이야기를 속삭이는 국물."
ufood_des_16,"A dance of textures and flavors—beef, rice noodles, and aromatic broth create a Vietnamese symphony on your palate.","Một điệu nhảy của kết cấu và hương vị của Beef, mì gạo và nước dùng thơm tạo ra một bản giao hưởng Việt Nam trên vòm miệng của bạn.","질감과 풍미의 춤과 같은 춤, 쌀 국수 및 향기로운 국물은 구개에 베트남 심포니를 만듭니다."
ufood_des_17,"Vietnamese warmth in a bowl—tender beef, delicate rice noodles, and a broth that soothes the soul.","Sự ấm áp của Việt Nam trong một cái thịt bò có thịt, mì gạo tinh tế và nước dùng làm dịu tâm hồn.","그릇에 베트남의 따뜻함 - 쇠고기, 섬세한 쌀 국수, 영혼을 진정시키는 국물."
ufood_des_18,"A fragrant journey through Vietnam's culinary landscape—beef, rice noodles, and herbs in perfect harmony.","Một hành trình thơm xuyên qua cảnh quan ẩm thực của Việt Nam, Beef, mì gạo và các loại thảo mộc trong sự hài hòa hoàn hảo.","베트남의 요리 풍경을 통한 향기로운 여행 - 비프, 쌀 국수 및 허브는 완벽한 조화를 이룹니다."
ufood_des_19,"Layers of delight—beef, rice noodles, and aromatic broth come together in a bowl of Vietnamese culinary magic.","Các lớp thích thú, beef, mì gạo và nước dùng thơm kết hợp với nhau trong một bát ma thuật ẩm thực Việt Nam.","기쁨의 층 - 비프, 쌀 국수 및 향기로운 국물은 베트남 요리 마법 한 그릇에 모입니다."
ufood_des_20,"A bowl filled with the heart and soul of Vietnam—tender beef, rice noodles, and a fragrant broth that captivates the senses.","Một cái bát chứa đầy trái tim và linh hồn của thịt bò Việt Nam, mì gạo, và một loại nước dùng thơm quyến rũ các giác quan.","베트남의 마음과 영혼으로 가득 찬 그릇 - 쇠고기, 쌀 국수 및 감각을 사로 잡는 향기로운 국물."
ufood_des_21,"A fragrant dance of poached chicken, rice noodles, and aromatic broth, creating a symphony of Vietnamese flavors that warm the soul.","Một điệu nhảy thơm của gà, mì gạo và nước dùng thơm, tạo ra một bản giao hưởng của hương vị Việt Nam làm ấm tâm hồn.","데친 닭고기, 쌀 국수 및 향기로운 국물의 향기로운 춤으로 영혼을 따뜻하게하는 베트남 맛의 교향곡을 만듭니다."
ufood_des_22,"Tender chicken, delicate rice noodles, and a broth infused with spices—Vietnamese comfort in a bowl.","Gà mềm, mì gạo tinh tế và nước dùng được truyền với gia vị.","부드러운 닭고기, 섬세한 쌀 국수, 그리고 향신료가 주입 된 국물 - 그릇에 베트남의 편안함."
ufood_des_23,"Vietnamese culinary poetry in a bowl—poached chicken, rice noodles, and fragrant broth create a masterpiece of flavor.","Thơ ẩm thực Việt Nam trong một cái bát gà, mì gạo và nước dùng thơm tạo ra một kiệt tác hương vị.","그릇에 들어있는 베트남 요리시 - 닭고기, 쌀 국수 및 향기로운 국물은 맛의 걸작을 만듭니다."
ufood_des_24,"Delicate rice noodles, tender poached chicken, and a broth kissed by spices—a Vietnamese journey for your taste buds.","Mì gạo tinh tế, gà luộc mềm, và một người bạn được hôn bởi gia vị Một hành trình của Việt Nam cho vị giác của bạn.","섬세한 쌀 국수, 부드러운 데친 닭고기, 향신료로 키스하는 국물 - 미각을위한 베트남 여행."
ufood_des_25,"A bowl of warmth and comfort—poached chicken, rice noodles, and aromatic broth, a Vietnamese embrace for the senses.","Một bát ấm áp và thoải mái gà, mì gạo, và nước dùng thơm, một người Việt Nam ôm lấy các giác quan.","따뜻함과 편안함의 한 그릇 - 닭고기, 쌀 국수, 향기로운 국물, 베트남인의 감각을위한 포용."
ufood_des_26,"Fragrant herbs, succulent poached chicken, and thin rice noodles—a bowl that whispers tales of Vietnamese culinary artistry.","Các loại thảo mộc thơm, gà luộc mọng nước và mì gạo mỏng, một bát thì thì thầm những câu chuyện về nghệ thuật ẩm thực Việt Nam.","향기로운 허브, 즙이 많은 데친 닭고기, 얇은 쌀 국수 - 베트남 요리의 이야기를 속삭이는 그릇."
ufood_des_27,"Layers of flavor unfold—poached chicken, rice noodles, and aromatic broth create a harmonious symphony in a Vietnamese bowl.","Các lớp hương vị mở ra gà, mì gạo và nước dùng thơm tạo ra một bản giao hưởng hài hòa trong một bát Việt Nam.",풍미 층이 전개됩니다.
ufood_des_28,"Vietnamese elegance in a bowl—tender chicken, rice noodles, and a broth infused with the soul of traditional spices.","Sự thanh lịch của người Việt Nam trong một con gà ăn thịt gà, mì gạo và nước dùng được truyền vào linh hồn của các loại gia vị truyền thống.","그릇의 베트남 우아함 - 닭고기, 쌀 국수 및 전통 향신료의 영혼이 주입 된 국물."
ufood_des_29,"A sensory journey through Vietnam—poached chicken, delicate rice noodles, and aromatic broth in perfect harmony.","Một cuộc hành trình cảm giác qua gà Việt Nam, mì gạo tinh tế và nước dùng thơm trong sự hài hòa hoàn hảo.","베트남을 통과하는 감각 여행 - 닭고기, 섬세한 쌀 국수 및 향기로운 국물은 완벽한 조화를 이룹니다."
ufood_des_30,"Delight in each spoonful—poached chicken, rice noodles, and herbs bathed in a soul-soothing Vietnamese broth.","Niềm vui trong mỗi muỗng thịt gà, mì gạo và thảo mộc được tắm trong nước dùng Việt Nam.","닭고기, 쌀 국수, 허브가 영혼을 뿌린 베트남 국물에 목욕을하는 각 스푼을 즐겁게합니다."
ufood_des_31,"Vietnamese comfort at its finest—tender poached chicken, rice noodles, and an aromatic broth that soothes the soul.","Sự thoải mái của người Việt Nam tại món gà luộc, mì gạo và nước dùng thơm ngon nhất của nó làm dịu tâm hồn.","베트남의 안락함은 최고의 닭고기, 쌀 국수 및 영혼을 진정시키는 향기로운 국물입니다."
ufood_des_32,"Fragrant herbs, delicate rice noodles, and succulent poached chicken waltz together in a bowl of Vietnamese culinary magic.","Các loại thảo mộc thơm, mì gạo tinh tế, và gà waltz luộc mọng nước cùng nhau trong một bát ma thuật ẩm thực Việt Nam.","향기로운 허브, 섬세한 쌀 국수 및 즙이 많은 데친 닭 왈츠는 베트남 요리 마법 한 그릇에 함께 있습니다."
ufood_des_33,"Layers of goodness unfold—poached chicken, rice noodles, and aromatic broth create an unforgettable symphony in a bowl.","Các lớp của sự tốt lành mở ra gà, mì gạo và nước dùng thơm tạo ra một bản giao hưởng khó quên trong một cái bát.","닭고기, 쌀 국수 및 향기로운 국물이 그릇에 잊을 수없는 심포니를 만듭니다."
ufood_des_34,"Vietnamese perfection—tender chicken, rice noodles, and a broth that whispers tales of distant spice markets.","Sự hoàn hảo của người Việt Nam gà, mì gạo, và một nước dùng thì thầm những câu chuyện về các thị trường gia vị xa xôi.","베트남의 완벽 함 - 텐더 닭고기, 쌀 국수 및 먼 향신료 시장의 이야기를 속삭이는 국물."
ufood_des_35,"A fragrant blend of poached chicken, rice noodles, and fresh herbs—an ode to the exquisite flavors of Vietnamese cuisine.","Một sự pha trộn thơm của thịt gà, mì gạo và các loại thảo mộc tươi, một bản gốc cho các hương vị tinh tế của ẩm thực Việt Nam.","데친 닭고기, 쌀 국수 및 신선한 허브의 향기로운 조화는 베트남 요리의 절묘한 맛을 향한 것입니다."
ufood_des_36,"Vietnamese warmth in a bowl—succulent poached chicken, delicate rice noodles, and a broth that captivates the senses.","Sự ấm áp của Việt Nam trong một cái bát gà luộc rất nhiều, mì gạo tinh tế và một loại nước dùng quyến rũ các giác quan.","그릇에있는 베트남의 따뜻함 - 유사한 데친 닭, 섬세한 쌀 국수 및 감각을 사로 잡는 국물."
ufood_des_37,"A bowl filled with the heart and soul of Vietnam—poached chicken, rice noodles, and a fragrant broth that captivates the senses.","Một cái bát chứa đầy trái tim và linh hồn của gà Việt Nam, mì gạo và một nước dùng thơm quyến rũ các giác quan.","베트남의 마음과 영혼으로 가득 찬 그릇 - 닭고기, 쌀 국수 및 감각을 사로 잡는 향기로운 국물."
ufood_des_38,"A fragrant journey through Vietnam's culinary landscape—tender poached chicken, rice noodles, and herbs in perfect harmony.","Một cuộc hành trình thơm xuyên qua cảnh quan ẩm thực của Việt Nam, gà săn gà, mì gạo và thảo mộc trong sự hài hòa hoàn hảo.","베트남의 요리 풍경을 통한 향기로운 여행 - 닭고기 닭고기, 쌀 국수 및 허브는 완벽한 조화를 이룹니다."
ufood_des_39,"Layers of delight—poached chicken, rice noodles, and aromatic broth come together in a bowl of Vietnamese culinary magic.","Các lớp gà vui thích thịt gà, mì gạo và nước dùng thơm đến với nhau trong một bát ma thuật ẩm thực Việt Nam.","기쁨의 층 - 닭고기, 쌀 국수 및 향기로운 국물이 베트남 요리 마법 한 그릇에 모입니다."
ufood_des_40,"A bowl filled with the essence of Vietnam—tender chicken, rice noodles, and a fragrant broth that transports you to the vibrant streets of Hanoi.","Một cái bát chứa đầy bản chất của thịt gà Việt Nam, mì gạo và một nước dùng thơm, đưa bạn đến những con đường sôi động của Hà Nội.","베트남의 본질로 가득 찬 그릇, 닭고기, 쌀 국수 및 향기로운 국물은 당신을 활기 넘치는 하노이 거리로 옮깁니다."
ufood_des_41,"A bold symphony of flavors—spicy beef, thick rice noodles, and lemongrass-infused broth, creating a Vietnamese masterpiece.","Một bản giao hưởng táo bạo của hương vị thịt bò, mì gạo dày, và nước dùng truyền lượng sả, tạo ra một kiệt tác Việt Nam.","풍미의 대담한 교향곡-쇠고기, 두꺼운 쌀 국수, 레몬 그라스 주입 국물, 베트남 걸작을 만듭니다."
ufood_des_42,"Vibrant and spicy, this bowl features beef, thick vermicelli, and a broth that echoes with the zest of lemongrass and chili.","Sống và cay, bát này có thịt bò, vermicelli dày và nước dùng vang vọng với niềm say mê của sả và ớt.","활기차고 매운이 그릇에는 쇠고기, 두꺼운 베르 미첼 리, 레몬 그라스와 칠리의 열정으로 반향하는 국물이 있습니다."
ufood_des_43,"Layers of complexity unfold in a bowl—spicy beef, thick rice noodles, and a lemongrass-infused broth create a culinary journey.","Các lớp phức tạp mở ra trong một bát thịt bò spicy, mì gạo dày và nước dùng truyền lượng sả tạo ra một hành trình ẩm thực.",복잡한 층이 그릇에 전개됩니다.
ufood_des_44,"A spicy embrace of beef, thick vermicelli, and aromatic broth—a bowl that transports you to the bustling streets of Hue.","Một cái ôm cay của thịt bò, vermicelli dày và nước dùng thơm, một bát đưa bạn đến những con đường nhộn nhịp của màu sắc.","쇠고기, 두꺼운 베르 미첼 리 및 향기로운 국물의 매운 포옹 - 번화 한 색조의 거리로 당신을 운반하는 그릇."
ufood_des_45,"Rich and robust, this bowl features spicy beef, thick rice noodles, and a broth infused with the boldness of lemongrass.","Màu sắc và mạnh mẽ, bát này có thịt bò cay, mì gạo dày và nước dùng được truyền với sự táo bạo của sả.","풍부하고 견고한이 그릇에는 매운 쇠고기, 두꺼운 쌀 국수, 그리고 레몬 그라스의 대담함이 주입 된 국물이 있습니다."
ufood_des_46,"Vietnamese culinary poetry in a bowl—spicy beef, thick vermicelli, and a broth that speaks of Hue's rich gastronomic history.","Thơ ẩm thực Việt Nam trong một bát thịt bò spicy bát, vermicelli dày, và nước dùng nói về lịch sử ẩm thực phong phú của Hue.","그릇에 들어있는 베트남 요리시 - 부유 한 쇠고기, 두꺼운 베르 미첼 리, 그리고 Hue의 풍부한 미식 역사를 말하는 국물."
ufood_des_47,"Layers of heat and flavor—spicy beef, thick rice noodles, and lemongrass-infused broth create a harmonious symphony in a bowl.","Các lớp nhiệt và hương vị thịt bò spicy, mì gạo dày và nước dùng truyền lượng sả tạo ra một bản giao hưởng hài hòa trong một cái bát.","열과 맛의 층-특성 쇠고기, 두꺼운 쌀 국수 및 레몬 그라스 주입 국물은 그릇에 조화로운 교향곡을 만듭니다."
ufood_des_48,"Vietnamese elegance on display—spicy beef, thick vermicelli, and a broth that whispers tales of traditional spice markets.","Sự thanh lịch của người Việt Nam được trưng bày thịt bò picy, vermicelli dày và một nước dùng thì thầm những câu chuyện về các thị trường gia vị truyền thống.","베트남의 우아함은 전시 된 쇠고기, 두꺼운 베르 미첼 리 및 전통적인 향신료 시장의 이야기를 속삭이는 국물입니다."
ufood_des_49,"A sensory journey through Hue's culinary landscape—spicy beef, thick rice noodles, and lemongrass-infused broth in perfect harmony.","Một hành trình cảm giác thông qua cảnh quan ẩm thực của Huế, thịt bò, mì gạo dày và nước dùng truyền lượng sả trong sự hài hòa hoàn hảo.","Hue의 요리 풍경을 통과하는 감각적 인 여행-음파 쇠고기, 두꺼운 쌀 국수 및 레몬 그라스 주입 국물은 완벽한 조화를 이룹니다."
ufood_des_50,"Delight in each spoonful—spicy beef, thick vermicelli, and herbs bathed in a soul-soothing broth, a bowl of Vietnamese comfort.","Niềm vui trong mỗi muỗng thịt bò spicy, vermicelli dày và các loại thảo mộc tắm trong nước dùng làm dịu tâm hồn, một bát thoải mái của người Việt Nam.","각 숟가락의 기쁨-특수한 쇠고기, 두꺼운 베르 미첼리, 허브가 영혼을 뿌린 국물, 베트남 안락한 그릇에 목욕했습니다."
ufood_des_51,"Vietnamese warmth in a bowl—spicy beef, thick rice noodles, and lemongrass-infused broth create a comforting embrace for the senses.","Sự ấm áp của Việt Nam trong một cái bát thịt bò, mì gạo dày, và nước dùng truyền lượng sả tạo ra một cái ôm an ủi cho các giác quan.","그릇에있는 베트남의 따뜻함-쇠고기, 두꺼운 쌀 국수 및 레몬 그라스 주입 국물은 감각을위한 편안한 포옹을 만듭니다."
ufood_des_52,"Fragrant herbs, thick vermicelli, and succulent spicy beef waltz together in a bowl of Vietnamese culinary magic.","Các loại thảo mộc thơm, vermicelli dày và thịt bò cay mọng nước cùng nhau trong một bát ma thuật ẩm thực Việt Nam.","향기로운 허브, 두꺼운 주석 및 즙이 많은 매운 쇠고기 waltz는 베트남 요리 마법 한 그릇에 함께 있습니다."
ufood_des_53,"Layers of goodness unfold—spicy beef, thick rice noodles, and lemongrass-infused broth create an unforgettable symphony.","Các lớp lòng tốt mở ra thịt bò spicy, mì gạo dày và nước dùng truyền lượng sả tạo ra một bản giao hưởng khó quên.","선한 층이 전개됩니다. 쇠고기, 두꺼운 쌀 국수 및 레몬 그라스 주입 국물은 잊을 수없는 심포니를 만듭니다."
ufood_des_54,"Vietnamese perfection—bold beef, thick vermicelli, and a broth that whispers tales of the vibrant streets of Hue.","Sự hoàn hảo của Việt Nam, thịt bò, vermicelli dày và một nước dùng thì thầm những câu chuyện về những con đường sôi động của màu sắc.","베트남의 완벽 함 - 볼드 쇠고기, 두꺼운 베르 미첼, 생생한 색조의 거리에 대한 이야기를 속삭이는 국물."
ufood_des_55,"A fragrant blend of spicy beef, thick rice noodles, and fresh herbs—an ode to the exquisite flavors of Vietnamese cuisine.","Một sự pha trộn thơm của thịt bò cay, mì gạo dày và các loại thảo mộc tươi, một bản gốc cho các hương vị tinh tế của ẩm thực Việt Nam.","매운 쇠고기, 두꺼운 쌀 국수 및 신선한 허브의 향기로운 조화는 베트남 요리의 절묘한 맛을 향한 것입니다."
ufood_des_56,"Vietnamese warmth in a bowl—succulent spicy beef, thick vermicelli, and a broth that captivates the senses.","Sự ấm áp của Việt Nam trong một cái bát thịt bò cay làm rất nhiều, vermicelli dày, và một nước dùng quyến rũ các giác quan.","그릇에 베트남의 따뜻함 - 소화제 매운 쇠고기, 두꺼운 베르 미첼, 감각을 사로 잡는 국물."
ufood_des_57,"A bowl filled with the heart and soul of Hue—spicy beef, thick rice noodles, and a fragrant broth that captivates the senses.","Một cái bát chứa đầy trái tim và linh hồn của thịt bò spicy màu Huế, mì gạo dày, và một nước dùng thơm quyến rũ các giác quan.","색조의 심장과 영혼으로 가득 찬 그릇 - 스파이 쇠고기, 두꺼운 쌀 국수 및 감각을 사로 잡는 향기로운 국물."
ufood_des_58,"A fragrant journey through Hue's culinary landscape—thick vermicelli, spicy beef, and herbs in perfect harmony.","Một hành trình thơm xuyên qua phong cảnh ẩm thực của Huế, vermicelli, thịt bò cay và các loại thảo mộc trong sự hài hòa hoàn hảo.","Hue의 요리 풍경을 통과하는 향기로운 여행 - 두드리는 Vermicelli, Spicy Beef 및 Herbs가 완벽한 조화를 이룹니다."
ufood_des_59,"Layers of delight—spicy beef, thick rice noodles, and lemongrass-infused broth come together in a bowl of Vietnamese culinary magic.","Các lớp thịt bò thích thú vị, mì gạo dày, và nước dùng truyền lượng sả đến với nhau trong một bát ma thuật ẩm thực Việt Nam.","기쁨의 층-특성 쇠고기, 두꺼운 쌀 국수, 레몬 그라스 주입 국물이 베트남 요리 마법 한 그릇에 모입니다."
ufood_des_60,"A bowl filled with the essence of Hue—spicy beef, thick vermicelli, and a fragrant broth that transports you to the historic city's vibrant culinary scene.","Một cái bát chứa đầy bản chất của thịt bò spicy màu Huế, vermicelli dày và một nước dùng thơm, đưa bạn đến khung cảnh ẩm thực sôi động của thành phố lịch sử.","색조의 본질로 가득 찬 그릇 - 비파 쇠고기, 두꺼운 베르 미첼 리, 그리고 역사적인 도시의 활기찬 요리 장면으로 당신을 운반하는 향기로운 국물."
ufood_des_61,"A plate of Vietnamese delight—broken rice adorned with grilled pork, herbs, and a side of fish sauce, a harmonious symphony of textures and flavors.","Một đĩa của Việt Nam thích thú với gạo gạo được trang trí với thịt lợn nướng, thảo mộc và một bên nước mắm, một bản giao hưởng hài hòa của kết cấu và hương vị.","베트남의 즐거움 - 구운 돼지 고기, 허브, 물고기 소스 측면, 조화로운 질감과 풍미의 교향곡으로 장식 된 쌀 쌀."
ufood_des_62,"Delight in the contrast of textures—crunchy grilled pork, fluffy broken rice, and a side of fish sauce in this Vietnamese culinary masterpiece.","Delight trong sự tương phản của kết cấu thịt lợn nướng giòn, gạo cluffy và một bên nước mắm trong kiệt tác ẩm thực Việt Nam này.","이 베트남 요리 걸작에서 칙칙한 구운 돼지 고기, 푹신한 쌀, 푹신한 쌀, 물고기 소스의 측면."
ufood_des_63,"Vietnamese comfort on a plate—fragrant broken rice, succulent grilled pork, and a side of fish sauce create a symphony of flavors.","Sự thoải mái của Việt Nam trên đĩa gạo vỡ, thịt lợn nướng mọng nước, và một bên nước mắm tạo ra một bản giao hưởng của hương vị.","접시에 베트남의 편안함 - 끔찍한 쌀, 즙이 많은 구운 돼지 고기 및 생선 소스 측면은 풍미의 교향곡을 만듭니다."
ufood_des_64,"A plate of contrasts—tender grilled pork, fragrant broken rice, and a side of fish sauce, a Vietnamese culinary experience to savor.","Một đĩa tương phản thịt lợn nướng, gạo vỡ, và một mặt của nước mắm, một trải nghiệm ẩm thực Việt Nam để thưởng thức.","대조의 한 접시 - 텐더 구이 돼지 고기, 향기로운 쌀, 생선 소스 측면, 베트남 요리 경험."
ufood_des_65,"Layers of flavor unfold—grilled pork, broken rice, and a side of fish sauce, creating a harmonious balance on a Vietnamese plate.","Các lớp hương vị mở ra thịt lợn nướng, gạo vỡ và một bên nước mắm, tạo ra sự cân bằng hài hòa trên một đĩa Việt Nam.","돼지 고기, 깨진 쌀, 생선 소스 측면이 베트남 접시에 조화로운 균형을 만듭니다."
ufood_des_66,"Vietnamese elegance on display—grilled pork, broken rice, and a side of fish sauce, a culinary journey in every bite.","Sự thanh lịch của Việt Nam được trưng bày thịt lợn nướng, gạo vỡ và một bên nước mắm, một hành trình ẩm thực trong mỗi miếng cắn.","베트남의 우아함 - 돼지 고기, 깨진 쌀, 생선 소스의 측면, 모든 물린 요리의 요리 여행."
ufood_des_67,"A plate filled with the heart and soul of Vietnam—grilled pork, broken rice, and fish sauce that captivate the senses.","Một đĩa chứa đầy trái tim và linh hồn của thịt lợn nướng Việt Nam, gạo vỡ và nước mắm làm say đắm các giác quan.","베트남의 심장과 영혼으로 가득 찬 접시 - 돼지 고기, 부러진 쌀, 생선 소스는 감각을 사로 잡습니다."
ufood_des_68,"Fragrant herbs, succulent grilled pork, and fluffy broken rice waltz together on a plate of Vietnamese culinary magic.","Các loại thảo mộc thơm, thịt lợn nướng mọng nước, và gạo vuốt ve cùng nhau trên một đĩa ma thuật ẩm thực Việt Nam.","향기로운 허브, 즙이 많은 구운 돼지 고기 및 푹신한 쌀 왈츠는 베트남 요리 마법 한 접시에 함께 있습니다."
ufood_des_69,"Vietnamese perfection in a plate—tender grilled pork, broken rice, and a side of fish sauce whisper tales of traditional spice markets.","Sự hoàn hảo của Việt Nam trong một đĩa thịt lợn nướng, gạo vỡ và một bên nước mắm thì thầm những câu chuyện về các thị trường gia vị truyền thống.","베트남의 완벽 함은 돼지 고기, 부러진 쌀, 생선 소스의 측면이 전통적인 향신료 시장의 이야기를 속삭입니다."
ufood_des_70,"A sensory journey through Vietnam—grilled pork, fragrant broken rice, and fish sauce in perfect harmony.","Một hành trình cảm giác thông qua thịt lợn nướng Việt Nam, gạo vỡ và nước mắm trong sự hài hòa hoàn hảo.","베트남을 통한 감각 여행 - 돼지 고기, 향기로운 깨진 쌀, 생선 소스는 완벽한 조화를 이룹니다."
ufood_des_71,"Delight in each bite—grilled pork, broken rice, and herbs bathed in a flavorful fish sauce, a plate of Vietnamese comfort.","Niềm vui trong mỗi miếng thịt lợn nướng, gạo vỡ và các loại thảo mộc được tắm trong nước mắm có hương vị, một đĩa thoải mái của người Việt Nam.","각 물기에 기뻐합니다. 구 나는 돼지 고기, 깨진 쌀 및 허브가 맛있는 생선 소스, 베트남 안락한 접시에 목욕했습니다."
ufood_des_72,"Vietnamese warmth on a plate—succulent grilled pork, fragrant broken rice, and a side of fish sauce create a comforting embrace for the senses.","Sự ấm áp của Việt Nam trên một đĩa thịt lợn nướng rất nhiều, gạo vỡ, và một bên nước mắm tạo ra một cái ôm an ủi cho các giác quan.","접시에 베트남의 따뜻함 - 축소 된 구운 돼지 고기, 향기로운 쌀, 생선 소스 측면은 감각을위한 편안한 포옹을 만듭니다."
ufood_des_73,"Layers of goodness unfold—grilled pork, broken rice, and fish sauce create an unforgettable symphony on a Vietnamese plate.","Các lớp lòng tốt mở ra thịt lợn nướng, gạo vỡ và nước mắm tạo ra một bản giao hưởng không thể quên trên đĩa Việt Nam.","돼지 고기, 깨진 쌀 및 생선 소스는 베트남 접시에 잊을 수없는 심포니를 만듭니다."
ufood_des_74,"A fragrant blend of grilled pork, broken rice, and fresh herbs—an ode to the exquisite flavors of Vietnamese cuisine.","Một sự pha trộn thơm của thịt lợn nướng, gạo vỡ và các loại thảo mộc tươi, một bản gốc cho các hương vị tinh tế của ẩm thực Việt Nam.","구운 돼지 고기, 깨진 쌀, 신선한 허브의 향기로운 조화는 베트남 요리의 절묘한 맛을 향한 것입니다."
ufood_des_75,"Vietnamese warmth on a plate—tender grilled pork, broken rice, and fish sauce captivate the senses in every bite.","Sự ấm áp của Việt Nam trên một đĩa thịt lợn nướng, gạo vỡ và nước mắm làm say đắm các giác quan trong mỗi miếng cắn.","접시에 베트남의 따뜻함 - 텐더 구운 돼지 고기, 깨진 쌀 및 생선 소스는 모든 물린 감각을 사로 잡습니다."
ufood_des_76,"A plate filled with the heart and soul of Vietnam—grilled pork, broken rice, and a flavorful fish sauce that transports you to the vibrant streets.","Một đĩa chứa đầy trái tim và linh hồn của thịt lợn nướng Việt Nam, gạo vỡ và nước mắm có hương vị đưa bạn đến những con đường sôi động.","베트남의 마음과 영혼으로 가득 찬 접시 - 돼지 고기, 깨진 쌀, 생생한 거리로 당신을 운반하는 맛있는 생선 소스."
ufood_des_77,"A fragrant journey through Vietnam's culinary landscape—broken rice, grilled pork, and herbs in perfect harmony on a plate.","Một hành trình thơm xuyên qua cảnh quan ẩm thực của Việt Nam, gạo, thịt lợn nướng và các loại thảo mộc hòa hợp hoàn hảo trên một đĩa.","베트남의 요리 풍경을 통한 향기로운 여행 - 쌀, 구운 돼지 고기 및 허브는 접시에 완벽한 조화를 이룹니다."
ufood_des_78,"Layers of delight—grilled pork, broken rice, and fish sauce come together in a plate of Vietnamese culinary magic.","Các lớp thịt lợn nướng, gạo vỡ và nước mắm kết hợp với nhau trong một đĩa ma thuật ẩm thực Việt Nam.","기쁨의 층 - 돼지 고기, 깨진 쌀 및 생선 소스는 베트남 요리 마법 한 접시에 모입니다."
ufood_des_79,"Delight in the essence of Vietnam—succulent grilled pork, fragrant broken rice, and a flavorful fish sauce on a plate.","Niềm vui trong bản chất của thịt lợn nướng Việt Nam rất nhiều, gạo vỡ, và nước mắm có hương vị trên đĩa.","베트남의 본질에 기뻐합니다. 이는 구운 돼지 고기, 향기로운 깨진 쌀, 접시에 맛있는 생선 소스."
ufood_des_80,"A plate filled with the essence of Vietnamese culinary traditions—grilled pork, broken rice, and a fragrant fish sauce that transports you to the heart of the country.","Một đĩa chứa đầy bản chất của các truyền thống ẩm thực Việt Nam, thịt lợn nướng, gạo vỡ và nước mắm có mùi thơm vận chuyển bạn đến trung tâm của đất nước.","베트남 요리 전통의 본질로 가득 찬 접시 - 구멍을 뚫은 돼지 고기, 깨진 쌀, 당신을 나라의 심장으로 옮기는 향기로운 생선 소스."
ufood_des_81,"A Vietnamese delight—a crusty baguette cradling a symphony of flavors, from savory meats to pickled veggies, a handheld culinary masterpiece.","Một niềm vui của người Việt Nam, một chiếc baguette giòn tạ một bản giao hưởng của hương vị, từ thịt mặn đến rau ngâm, một kiệt tác ẩm thực cầm tay.","베트남의 즐거움 - 풍미있는 고기부터 절인 채소, 핸드 헬드 요리 걸작에 이르기까지 풍성한 풍미를 깎는 피진 바게트."
ufood_des_82,"A crispy baguette embraces a fusion of flavors—succulent meats, pickled veggies, and creamy mayo, a delightful Banh Mi experience.","Một chiếc baguette giòn bao gồm một sự hợp nhất của các hương vị của các loại thịt rất đa dạng, rau ngâm, và mayo kem, một trải nghiệm bánh quý thú vị.","바삭 바삭한 바게트는 풍미의 융합과 같은 고기, 절인 채소, 크림 같은 마요네즈, 유쾌한 반 미미 경험을 포용합니다."
ufood_des_83,"Layers of delight unfold in each bite—crunchy baguette, savory meats, pickled veggies, and a smear of creamy mayo, a Vietnamese culinary marvel.","Các lớp thích thú mở ra trong mỗi miếng baguette nướng, thịt mặn, rau ngâm, và một vết bẩn của mayo kem, một món ăn ẩm thực Việt Nam.","각각 바게트, 풍미있는 고기, 절인 채소, 베트남 요리 마블 인 크림 같은 마요네즈의 번짐."
ufood_des_84,"A portable masterpiece—crispy baguette filled with an ensemble of flavors, from savory meats to pickled veggies, capturing the essence of Vietnamese street food.","Một kiệt tác di động, baguette có đầy đủ với một loạt các hương vị, từ các loại thịt mặn đến rau ngâm, nắm bắt bản chất của thức ăn đường phố Việt Nam.","휴대용 걸작 - 풍미있는 고기부터 절인 채소에 이르기까지 맛의 앙상블로 가득 찬 Crispy Baguette, 베트남 길거리 음식의 본질을 포착합니다."
ufood_des_85,"Vietnamese elegance on the go—a crusty baguette stuffed with a medley of savory meats, pickled veggies, and a hint of creamy mayo.","Sự thanh lịch của người Việt Nam trên Go Go Một chiếc baguette giòn được nhồi với một loạt các loại thịt mặn, rau ngâm và một chút mayo kem.","이동 중에 베트남의 우아함 - 풍미있는 바게트, 풍미있는 고기, 절인 채소, 크림 같은 마요네즈 힌트로 채워져 있습니다."
ufood_des_86,"A sensory journey through Vietnam—crispy baguette, flavorful meats, pickled veggies, and creamy mayo create a harmonious Banh Mi symphony.","Một hành trình cảm giác thông qua Baguette Việt Nam, thịt có hương vị, rau ngâm và mayo kem tạo ra một bản giao hưởng bánh mi hài hòa.","베트남을 통과하는 감각적 인 여행 - 크리 스피 바게트, 맛있는 고기, 절인 채소, 크림 같은 마요네즈는 조화로운 반 미미 심포니를 만듭니다."
ufood_des_87,"Vietnamese comfort in your hands—succulent meats, crunchy baguette, pickled veggies, and a touch of creamy mayo make for a perfect Banh Mi.","Sự thoải mái của Việt Nam trong tay của bạn, các loại thịt rất đa dạng, baguette giòn, rau ngâm, và một chút mayo kem làm cho một chiếc bánh mi hoàn hảo.","수신 고기, 바삭 바삭한 바게트, 절인 채소, 크림 같은 마요네즈의 터치는 완벽한 반 미미를 만듭니다."
ufood_des_88,"Fragrant herbs, savory meats, and crunchy baguette dance together in a handheld celebration of Vietnamese culinary ingenuity.","Các loại thảo mộc thơm, thịt mặn, và bánh mì baguette giòn cùng nhau trong một lễ kỷ niệm cầm tay của ẩm thực Việt Nam.","향기로운 허브, 풍미있는 고기 및 바삭 바삭한 바게트는 베트남 요리의 독창성을 핸드 헬드 축하합니다."
ufood_des_89,"Vietnamese perfection in every bite—crispy baguette, flavorful meats, pickled veggies, and a hint of creamy mayo tell tales of traditional spice markets.","Sự hoàn hảo của người Việt Nam trong mỗi miếng baguette, thịt có hương vị, rau ngâm, và một chút mayo kem kể những câu chuyện về các thị trường gia vị truyền thống.","베트남의 완벽 함은 모든 물기에 완벽한 바게트, 풍미가 많은 고기, 절인 채소, 크림 같은 마요네즈의 힌트는 전통적인 향신료 시장에 대한 이야기를 들려줍니다."
ufood_des_90,"A delightful blend of textures and flavors—crunchy baguette, succulent meats, pickled veggies, and a smear of creamy mayo on the go.","Một sự pha trộn thú vị của kết cấu và hương vị của baguette nướng, thịt mọng nước, rau ngâm, và một vết thương của mayo kem khi đang di chuyển.","럭키 바게트, 즙이 많은 고기, 절인 채소, 이동 중에 크림 같은 마요네즈 번짐."
ufood_des_91,"A portable taste of Vietnam—savory meats, pickled veggies, and a crispy baguette with a touch of creamy mayo create a handheld sensation.","Một hương vị di động của Việt Nam Thịt Santavory, rau ngâm và một chiếc baguette giòn với một chút mayo kem tạo ra một cảm giác cầm tay.","베트남의 휴대용 맛 - 고기, 절인 채소 및 크림 같은 마요네즈가 달린 바삭 바삭한 바게트는 핸드 헬드 센세이션을 만듭니다."
ufood_des_92,"Delight in the essence of Vietnam—crispy baguette, succulent meats, pickled veggies, and creamy mayo in a handheld Banh Mi experience.","Niềm vui trong bản chất của Việt Nam Baguette, thịt mọng nước, rau ngâm và mayo kem trong một trải nghiệm bánh quy cầm tay.","베트남의 본질, 즉 핸드 헬드 반 MI 경험으로 크리 스피 바게트, 즙이 많은 고기, 절인 채소, 크림 같은 마요네즈."
ufood_des_93,"Layers of goodness unfold—crunchy baguette, flavorful meats, pickled veggies, and creamy mayo create an unforgettable Banh Mi symphony.","Các lớp của sự tốt lành mở ra baguette giòn, thịt có hương vị, rau ngâm và mayo kem tạo ra một bản giao hưởng bánh mi không thể quên.","선의 층이 전개됩니다 - 칙칙한 바게트, 풍미가 많은 고기, 절인 채소 및 크림 같은 마요네즈는 잊을 수없는 Banh Mi Symphony를 만듭니다."
ufood_des_94,"Vietnamese warmth in your hands—savory meats, crispy baguette, pickled veggies, and a hint of creamy mayo create a comforting embrace.","Sự ấm áp của Việt Nam trong tay của bạn, thịt sành điệu, baguette giòn, rau ngâm, và một chút mayo kem tạo ra một cái ôm an ủi.","손에있는 베트남의 따뜻함 - 고기, 바삭 바삭한 바게트, 절인 채소, 크림 같은 마요네즈 힌트는 편안한 포옹을 만듭니다."
ufood_des_95,"A portable feast for the senses—crispy baguette, succulent meats, pickled veggies, and creamy mayo capture the spirit of Vietnamese street food.","Một bữa tiệc di động cho các giác quan Baguette, thịt mọng nước, rau ngâm và mayo kem thu được tinh thần của thức ăn đường phố Việt Nam.","크리 스피 바게트, 즙이 많은 고기, 절인 채소, 크림 같은 마요네즈와 같은 휴대용 축제는 베트남 길거리 음식의 정신을 포착합니다."
ufood_des_96,"A fragrant blend of savory meats, pickled veggies, and fresh herbs—an ode to the exquisite flavors of Banh Mi in Vietnam.","Một sự pha trộn thơm của các loại thịt mặn, rau ngâm và các loại thảo mộc tươi, một bản gốc cho các hương vị tinh tế của bánh mi ở Việt Nam.","풍미있는 고기, 절인 채소 및 신선한 허브의 향기로운 조화는 베트남의 반 미미의 절묘한 맛을 향합니다."
ufood_des_97,"Vietnamese warmth on the go—crispy baguette, flavorful meats, pickled veggies, and creamy mayo captivate the senses in every bite.","Sự ấm áp của Việt Nam trên baguette giòn giòn, thịt có hương vị, rau ngâm và mayo kem quyến rũ các giác quan trong mỗi miếng cắn.","이동 중 베트남의 따뜻함 - 크리 스피 바게트, 맛있는 고기, 절인 채소, 크림 같은 마요네즈는 모든 물린 곳에서 감각을 사로 잡습니다."
ufood_des_98,"A handheld journey through Vietnam's culinary landscape—crunchy baguette, savory meats, pickled veggies, and herbs in perfect harmony.","Một hành trình cầm tay qua phong cảnh ẩm thực của Việt Nam, bánh mì baguette, thịt mặn, rau ngâm, và các loại thảo mộc với sự hài hòa hoàn hảo.","베트남의 요리 풍경을 통과하는 핸드 헬드 여행 - 비 낙사 한 바게트, 풍미있는 고기, 절인 채소 및 허브가 완벽한 조화."
ufood_des_99,"Layers of delight—savory meats, crispy baguette, pickled veggies, and a smear of creamy mayo come together in a handheld Banh Mi magic.","Các lớp của các loại thịt savory thú vị, baguette giòn, rau ngâm, và một vết kem mayo kết hợp với nhau trong một chiếc bánh quy cầm tay.","기쁨의 층 - 애매한 고기, 바삭한 바게트, 절인 채소, 크림 같은 마요네즈의 번짐이 핸드 헬드 반 그미 마법에 모입니다."
ufood_des_100,"A portable plate of Vietnam—succulent meats, crunchy baguette, pickled veggies, and creamy mayo tell the story of the vibrant streets and flavors.","Một đĩa di động của các loại thịt rất đa dạng của Việt Nam, baguette giòn, rau ngâm, và mayo kem kể câu chuyện về những con đường và hương vị sôi động.","베트남의 휴대용 접시 - 유체 고기, 바삭 바삭한 바게트, 절인 채소 및 크림 같은 마요네즈는 활기찬 거리와 풍미에 대한 이야기를 들려줍니다."
ufood_des_101,"A Vietnamese delight—a crispy baguette filled with succulent grilled chicken, pickled veggies, and a touch of creamy mayo, a handheld culinary masterpiece.","Một món ngon của Việt Nam, một chiếc baguette giòn chứa đầy gà nướng mọng nước, rau ngâm và một chút mayo kem, một kiệt tác ẩm thực cầm tay.","베트남의 즐거움 - 즙이 많은 구운 닭고기, 절인 채소, 크림 같은 마요네즈, 핸드 헬드 요리 걸작으로 가득한 바삭 바삭한 바게트."
ufood_des_102,"Savor the essence of Vietnam in every bite—crispy baguette, flavorful grilled chicken, pickled veggies, and a hint of creamy mayo.","Thưởng thức bản chất của Việt Nam trong mỗi miếng baguette, gà nướng hương vị, rau ngâm, và một chút mayo kem.","크리 스피 바게트, 맛있는 구운 닭고기, 절인 채소, 크림 같은 마요네즈의 힌트 - 베트남의 본질을 맛보십시오."
ufood_des_103,"Layers of delight unfold in each bite—crunchy baguette, succulent grilled chicken, pickled veggies, and creamy mayo, a Vietnamese culinary marvel.","Các lớp thú vị mở ra trong mỗi miếng baguette nướng, gà nướng mọng nước, rau ngâm và mayo kem, một món ăn ẩm thực Việt Nam.","각각 바게트, 즙이 많은 구운 닭고기, 절인 채소, 베트남 요리 마블 크림 마요네즈 (Mayo)."
ufood_des_104,"A portable masterpiece—crispy baguette filled with an ensemble of flavors, from grilled chicken to pickled veggies, capturing the essence of Vietnamese street food.","Một kiệt tác di động, bánh mì baguette có đầy đủ các hương vị, từ thịt gà nướng đến rau ngâm, nắm bắt bản chất của thức ăn đường phố Việt Nam.",휴대용 걸작 - 구운 닭고기부터 절인 채소에 이르기까지 맛의 앙상블로 가득 찬 크리 스피 바게트. 베트남 길거리 음식의 본질을 포착합니다.
ufood_des_105,"Vietnamese elegance on the go—a crusty baguette stuffed with flavorful grilled chicken, pickled veggies, and a hint of creamy mayo.","Sự thanh lịch của người Việt Nam trên Go Go Một baguette giòn được nhồi với gà nướng có hương vị, rau ngâm và một chút mayo kem.","이동 중에 베트남 우아함 - 맛이 좋은 구운 닭고기, 절인 채소, 크림 같은 마요네즈 힌트로 채워진 피진 바게트."
ufood_des_106,"A sensory journey through Vietnam—crispy baguette, succulent grilled chicken, pickled veggies, and creamy mayo create a harmonious Banh Mi symphony.","Một hành trình cảm giác thông qua Baguette Việt Nam, gà nướng mọng nước, rau ngâm và mayo kem tạo ra một bản giao hưởng bánh mi hài hòa.","베트남을 통한 감각 여행 - 크리 스피 바게트, 즙이 많은 구운 닭고기, 절인 채소, 크림 같은 마요네즈는 조화로운 반 미미 심포니를 만듭니다."
ufood_des_107,"Vietnamese comfort in your hands—grilled chicken, crunchy baguette, pickled veggies, and a touch of creamy mayo make for a perfect Banh Mi.","Sự thoải mái của Việt Nam trong tay của bạn, gà nướng, baguette giòn, rau ngâm, và một chút mayo kem làm cho một chiếc bánh mi hoàn hảo.","손에있는 베트남의 편안함 - 닭고기, 바삭 바삭한 바게트, 절인 채소, 크림 같은 마요네즈가 완벽한 밴을 만듭니다."
ufood_des_108,"Fragrant herbs, succulent grilled chicken, and crunchy baguette dance together in a handheld celebration of Vietnamese culinary ingenuity.","Các loại thảo mộc thơm, thịt gà nướng mọng nước và bánh baguette giòn cùng nhau trong một lễ kỷ niệm cầm tay của người Việt Nam.","향기로운 허브, 즙이 많은 구운 닭고기, 바삭 바삭한 바게트는 베트남 요리의 독창성을 핸드 헬드 축하합니다."
ufood_des_109,"Vietnamese perfection in every bite—crispy baguette, grilled chicken, pickled veggies, and a hint of creamy mayo tell tales of traditional spice markets.","Sự hoàn hảo của Việt Nam trong mỗi miếng baguette, gà nướng, rau ngâm, và một chút mayo kem kể những câu chuyện về các thị trường gia vị truyền thống.","베트남의 완벽 함은 모든 물린 —Crispy Baguette, 구운 닭고기, 절인 채소 및 크림 같은 Mayo의 힌트가 전통적인 향신료 시장에 대한 이야기를 전합니다."
ufood_des_110,"A delightful blend of textures and flavors—crunchy baguette, succulent grilled chicken, pickled veggies, and a smear of creamy mayo on the go.","Một sự pha trộn thú vị của kết cấu và hương vị của baguette nướng, gà nướng mọng nước, rau ngâm, và một vết bẩn của mayo kem khi đang di chuyển.","럭키 바게트, 즙이 많은 구운 닭고기, 절인 채소, 그리고 크림 같은 마요네즈의 번짐과 같은 유쾌한 질감과 맛."
ufood_des_111,"A portable taste of Vietnam—grilled chicken, pickled veggies, and a crispy baguette with a touch of creamy mayo create a handheld sensation.","Một hương vị di động của gà nướng Việt Nam, rau ngâm và một chiếc baguette giòn với một chút mayo kem tạo ra một cảm giác cầm tay.","베트남의 휴대용 맛 - 구운 닭고기, 절인 채소, 크림 같은 마요네즈가 달린 바삭 바삭한 바게트는 핸드 헬드 센세이션을 만듭니다."
ufood_des_112,"Delight in the essence of Vietnam—crispy baguette, succulent grilled chicken, pickled veggies, and creamy mayo in a handheld Banh Mi experience.","Niềm vui trong bản chất của Việt Nam Baguette, gà nướng mọng nước, rau ngâm và mayo kem trong một trải nghiệm bánh quy cầm tay.","베트남의 본질에 기뻐합니다. 핸드 헬드 반 MI 경험으로 크리 스피 바게트, 즙이 많은 구운 닭고기, 절인 채소, 크림 같은 마요네즈."
ufood_des_113,"Layers of goodness unfold—crunchy baguette, flavorful grilled chicken, pickled veggies, and creamy mayo create an unforgettable Banh Mi symphony.","Các lớp của sự tốt lành mở ra baguette giòn, gà nướng hương vị, rau ngâm và mayo kem tạo ra một bản giao hưởng bánh mi khó quên.","선의 층이 전개됩니다 - 비결한 바게트, 맛이 좋은 구운 닭고기, 절인 채소, 크림 같은 마요네즈는 잊을 수없는 반 미미 심포니를 만듭니다."
ufood_des_114,"Vietnamese warmth in your hands—grilled chicken, crispy baguette, pickled veggies, and a hint of creamy mayo create a comforting embrace.","Sự ấm áp của Việt Nam trong tay của bạn, gà nướng, baguette giòn, rau ngâm, và một chút mayo kem tạo ra một cái ôm an ủi.","손에있는 베트남의 따뜻함 - 닭고기, 바삭한 바게트, 절인 채소, 크림 같은 마요네즈 힌트는 편안한 포옹을 만듭니다."
ufood_des_115,"A portable feast for the senses—crispy baguette, succulent grilled chicken, pickled veggies, and creamy mayo capture the spirit of Vietnamese street food.","Một bữa tiệc di động cho các giác quan Baguette, gà nướng mọng nước, rau ngâm và mayo kem thu được tinh thần của thức ăn đường phố Việt Nam.","크리 스피 바게트, 즙이 많은 구운 닭고기, 절인 채소, 크림 같은 마요네즈는 베트남 길거리 음식의 정신을 포착합니다."
ufood_des_116,"A fragrant blend of grilled chicken, pickled veggies, and fresh herbs—an ode to the exquisite flavors of Banh Mi in Vietnam.","Một sự pha trộn thơm của gà nướng, rau ngâm và các loại thảo mộc tươi, một bản gốc cho hương vị tinh tế của bánh mi ở Việt Nam.","구운 닭고기, 절인 채소 및 신선한 허브의 향기로운 조화는 베트남의 반 미의 절묘한 맛을 향한 것입니다."
ufood_des_117,"Vietnamese warmth on the go—crispy baguette, flavorful grilled chicken, pickled veggies, and creamy mayo captivate the senses in every bite.","Sự ấm áp của Việt Nam trên baguette giòn giòn, gà nướng hương vị, rau ngâm và mayo kem quyến rũ các giác quan trong mỗi miếng cắn.","이동 중 베트남의 따뜻함 - 크리 스피 바게트, 맛이 좋은 구운 닭고기, 절인 채소, 크림 같은 마요네즈는 모든 물린 곳에서 감각을 사로 잡습니다."
ufood_des_118,"A handheld journey through Vietnam's culinary landscape—crunchy baguette, grilled chicken, pickled veggies, and herbs in perfect harmony.","Một cuộc hành trình cầm tay qua phong cảnh ẩm thực của Việt Nam, bánh mì baguette, gà nướng, rau ngâm và các loại thảo mộc với sự hài hòa hoàn hảo.","베트남의 요리 풍경을 통과하는 핸드 헬드 여행 - 비 낙사 한 바게트, 구운 닭고기, 절인 채소, 허브가 완벽한 조화."
ufood_des_119,"Layers of delight—grilled chicken, crispy baguette, pickled veggies, and a smear of creamy mayo come together in a handheld Banh Mi magic.","Các lớp thịt gà nướng, baguette giòn, rau ngâm, và một miếng mayo kem kết hợp với nhau trong một chiếc bánh quy cầm tay.","기쁨의 층 - 구별 된 닭고기, 바삭 바삭한 바게트, 절인 채소, 크림 같은 마요네즈의 번짐이 핸드 헬드 반 그미 마법으로 함께 모입니다."
ufood_des_120,"A portable plate of Vietnam—succulent grilled chicken, crunchy baguette, pickled veggies, and creamy mayo tell the story of the vibrant streets and flavors.","Một đĩa di động của gà nướng Việt Nam, bánh mì nướng giòn, rau ngâm, và mayo kem kể câu chuyện về những con đường và hương vị sôi động.","베트남의 휴대용 접시 - 유체 구운 닭고기, 바삭 바삭한 바게트, 절인 채소 및 크림 같은 마요네즈는 활기찬 거리와 풍미에 대한 이야기를 들려줍니다."
ufood_des_121,"A Vietnamese treasure—a noodle soup featuring a medley of proteins, from succulent shrimp to tender pork, in a flavorful broth.","Một kho báu của Việt Nam, một món phở có một loạt các protein, từ tôm mọng nước đến thịt lợn mềm, trong một nước dùng có hương vị.","베트남 보물 - 즙이 많은 새우에서 부드러운 돼지 고기, 풍미가있는 국물에 이르기까지 단백질의 메들리를 특징으로하는 국수 수프."
ufood_des_122,"Delight in the complexity of flavors—a bowl boasts silky noodles, shrimp, pork, and a fragrant broth, a Vietnamese culinary symphony.","Niềm vui trong sự phức tạp của hương vị, một bát tự hào có mì mượt, tôm, thịt lợn và nước dùng thơm, một bản giao hưởng ẩm thực Việt Nam.","맛의 복잡성에 기뻐합니다. 그릇은 부드러운 국수, 새우, 돼지 고기 및 향기로운 국물, 베트남 요리 심포니를 자랑합니다."
ufood_des_123,"Layers of delight unfold—silky noodles, succulent shrimp, tender pork, and aromatic broth create a harmonious Vietnamese masterpiece.","Các lớp thú vị mở ra mì sành điệu, tôm mọng nước, thịt lợn mềm và nước dùng thơm tạo ra một kiệt tác Việt Nam hài hòa.","기쁨의 층이 전개됩니다 - 심실 국수, 즙이 많은 새우, 부드러운 돼지 고기 및 향기로운 국물은 조화로운 베트남의 걸작을 만듭니다."
ufood_des_124,"A bowl of warmth and flavor—showcasing the interplay of textures, from soft noodles to savory shrimp and pork in a fragrant broth.","Một bát ấm áp và hương vị, cho thấy sự tương tác của kết cấu, từ mì mềm đến tôm mặn và thịt lợn trong nước dùng thơm.",따뜻함과 맛의 한 그릇 - 부드러운 국수에서 향기로운 국물의 풍미있는 새우와 돼지 고기에 이르기까지 질감의 상호 작용을 보여줍니다.
ufood_des_125,"Rich and robust, this bowl features silky noodles, succulent shrimp, tender pork, and a broth that whispers tales of Vietnamese culinary heritage.","Màu sắc và mạnh mẽ, bát này có mì mượt, tôm mọng nước, thịt lợn mềm và nước dùng thì thầm những câu chuyện về di sản ẩm thực Việt Nam.","풍부하고 강력한이 그릇에는 부드러운 국수, 즙이 많은 새우, 부드러운 돼지 고기 및 베트남 요리 유산의 이야기를 속삭이는 국물을 특징으로합니다."
ufood_des_126,"Vietnamese culinary poetry in a bowl—harmonizing silky noodles, flavorful shrimp, tender pork, and an aromatic broth.","Thơ ẩm thực Việt Nam trong một bát mì mượt, tôm có hương vị, thịt lợn mềm, và nước dùng thơm.","그릇에있는 베트남 요리시 - 부드러운 국수, 풍성한 새우, 부드러운 돼지 고기 및 향기로운 국물."
ufood_des_127,"Layers of heat and flavor—silky noodles, succulent shrimp, tender pork, and a fragrant broth create a harmonious symphony.","Các lớp nhiệt và hương vị mì sành, tôm mọng nước, thịt lợn mềm và nước dùng thơm tạo ra một bản giao hưởng hài hòa.","열과 맛의 층 - 실크 국수, 즙이 많은 새우, 부드러운 돼지 고기 및 향기로운 국물은 조화로운 교향곡을 만듭니다."
ufood_des_128,"Vietnamese elegance on display—showcasing silky noodles, succulent shrimp, tender pork, and a broth infused with traditional spices.","Sự thanh lịch của người Việt Nam được trưng bày, cho thấy những món mì mượt mà, tôm mọng nước, thịt lợn mềm và nước dùng được truyền với các loại gia vị truyền thống.","베트남의 우아함이 전시되어 있습니다. 부드러운 국수, 즙이 많은 새우, 부드러운 돼지 고기 및 전통적인 향신료가 주입 된 국물."
ufood_des_129,"A sensory journey through Vietnam—silky noodles, succulent shrimp, tender pork, and aromatic broth come together in perfect harmony.","Một cuộc hành trình cảm giác qua mì Việt Nam, mì mọng nước, tôm mọng nước, thịt lợn mềm và nước dùng thơm kết hợp với nhau trong sự hài hòa hoàn hảo.","베트남을 통과하는 감각 여행 - 심실 국수, 즙이 많은 새우, 부드러운 돼지 고기 및 향기로운 국물은 완벽한 조화로 모입니다."
ufood_des_130,"Delight in each spoonful—silky noodles, succulent shrimp, tender pork, and herbs bathed in a soul-soothing broth.","Niềm vui trong mỗi muỗng mì sành điệu, tôm mọng nước, thịt lợn mềm và các loại thảo mộc tắm trong nước dùng làm dịu tâm hồn.","각 숟가락의 기쁨-실리는 국수, 즙이 많은 새우, 부드러운 돼지 고기 및 허브가 영혼을 진정시키는 국물에 목욕했습니다."
ufood_des_131,"Vietnamese warmth in a bowl—succulent shrimp, tender pork, silky noodles, and a fragrant broth create a comforting embrace for the senses.","Sự ấm áp của Việt Nam trong một bát tôm rất đa dạng, thịt lợn mềm, mì mượt và một nước dùng thơm tạo ra một cái ôm an ủi cho các giác quan.","그릇에있는 베트남의 따뜻함 - 유사 새우, 부드러운 돼지 고기, 부드러운 국수 및 향기로운 국물은 감각을위한 편안한 포옹을 만듭니다."
ufood_des_132,"Fragrant herbs, silky noodles, and succulent shrimp waltz together in a bowl of Vietnamese culinary magic.","Các loại thảo mộc thơm, mì mượt và tôm mọng nước Waltz cùng nhau trong một bát ma thuật ẩm thực Việt Nam.","향기로운 허브, 부드러운 국수 및 즙이 많은 새우 왈츠는 베트남 요리 마법 한 그릇에 함께 있습니다."
ufood_des_133,"Layers of goodness unfold—silky noodles, succulent shrimp, tender pork, and aromatic broth create an unforgettable symphony.","Các lớp lòng tốt mở ra, mì sành, tôm mọng nước, thịt lợn mềm và nước dùng thơm tạo ra một bản giao hưởng khó quên.","선의 층이 전개됩니다 - 심실 국수, 즙이 많은 새우, 부드러운 돼지 고기 및 향기로운 국물은 잊을 수없는 심포니를 만듭니다."
ufood_des_134,"Vietnamese perfection—silky noodles, succulent shrimp, tender pork, and a broth that whispers tales of distant spice markets.","Sự hoàn hảo của người Việt Nam, mì sành điệu, tôm mọng nước, thịt lợn mềm và nước dùng thì thầm những câu chuyện về các thị trường gia vị xa xôi.","베트남의 완벽 함 - 실리는 국수, 즙이 많은 새우, 부드러운 돼지 고기 및 먼 향신료 시장의 이야기를 속삭이는 국물."
ufood_des_135,"A fragrant blend of silky noodles, succulent shrimp, and fresh herbs—an ode to the exquisite flavors of Vietnam.","Một sự pha trộn thơm của mì mượt, tôm mọng nước và các loại thảo mộc tươi, một bản gốc cho hương vị tinh tế của Việt Nam.","부드러운 국수, 즙이 많은 새우 및 신선한 허브의 향기로운 조화는 베트남의 절묘한 맛을 향한 것입니다."
ufood_des_136,"Vietnamese warmth in a bowl—succulent shrimp, tender pork, silky noodles, and a fragrant broth captivate the senses in every bite.","Sự ấm áp của Việt Nam trong một bát tôm rất đa dạng, thịt lợn mềm, mì mượt và một nước dùng thơm quyến rũ các giác quan trong mỗi miếng cắn.","그릇에있는 베트남의 따뜻함 - 유체 새우, 부드러운 돼지 고기, 부드러운 국수, 그리고 향기로운 국물은 모든 물린 곳에서 감각을 사로 잡습니다."
ufood_des_137,"A bowl filled with the heart and soul of Vietnam—silky noodles, succulent shrimp, tender pork, and fragrant broth.","Một cái bát chứa đầy trái tim và linh hồn của mì Việt Nam, mì mọng nước, tôm mọng nước, thịt lợn mềm và nước dùng thơm.","베트남의 심장과 영혼으로 가득 찬 그릇 - 실리는 국수, 즙이 많은 새우, 부드러운 돼지 고기 및 향기로운 국물."
ufood_des_138,"A fragrant journey through Vietnam's culinary landscape—silky noodles, succulent shrimp, tender pork, and herbs in perfect harmony.","Một cuộc hành trình thơm xuyên qua phong cảnh ẩm thực của Việt Nam, mì sành, tôm mọng nước, thịt lợn mềm và các loại thảo mộc trong sự hài hòa hoàn hảo.","베트남의 요리 풍경을 통한 향기로운 여정 - 심실 국수, 즙이 많은 새우, 부드러운 돼지 고기 및 허브가 완벽한 조화."
ufood_des_139,"Layers of delight—silky noodles, succulent shrimp, tender pork, and aromatic broth come together in a bowl of Vietnamese culinary magic.","Các lớp của món mì ngon miệng, tôm mọng nước, thịt lợn mềm và nước dùng thơm đến với nhau trong một bát ma thuật ẩm thực Việt Nam.","기쁨의 층 - 실리는 국수, 즙이 많은 새우, 부드러운 돼지 고기 및 향기로운 국물이 베트남 요리 마법 한 그릇에 모입니다."
ufood_des_140,"A bowl filled with the essence of Vietnam—silky noodles, succulent shrimp, tender pork, and a fragrant broth that transports you to the vibrant streets of Saigon.","Một cái bát chứa đầy bản chất của mì Việt Nam, tôm mọng nước, thịt lợn mềm và một loại nước dùng thơm, đưa bạn đến những con đường sôi động của Sài Gòn.","베트남의 본질로 가득 찬 그릇 - 심실 국수, 즙이 많은 새우, 부드러운 돼지 고기 및 향기로운 국물이 생생한 사이공의 거리로 당신을 운반합니다."
ufood_des_141,"A vibrant bowl with turmeric-infused noodles, succulent shrimp, tender pork, and an array of fresh herbs—a harmonious symphony of Vietnamese flavors.","Một cái bát sôi động với mì nghệ, tôm mọng nước, thịt lợn mềm và một loạt các loại thảo mộc tươi, một bản giao hưởng hài hòa của hương vị Việt Nam.","심황 주입 국수, 즙이 많은 새우, 부드러운 돼지 고기 및 신선한 허브가있는 생생한 그릇-조화로운 베트남 맛의 교향곡."
ufood_des_142,"Dive into a bowl with turmeric noodles, shrimp, pork, fresh herbs, and fragrant broth—a symphony of Vietnamese culinary delights.","Đi vào một cái bát với mì nghệ, tôm, thịt lợn, thảo mộc tươi và nước dùng thơm, một bản giao hưởng của những món ăn ẩm thực Việt Nam.","심황 국수, 새우, 돼지 고기, 신선한 허브 및 향기로운 국물 (베트남 요리의 심포니)가있는 그릇에 뛰어 들어."
ufood_des_143,"Layers of delight unfold—turmeric noodles, succulent shrimp, tender pork, and aromatic broth form a Vietnamese masterpiece.","Các lớp thú vị mở ra mì ống, tôm mọng nước, thịt lợn mềm và nước dùng thơm tạo thành một kiệt tác Việt Nam.","기쁨의 층이 전개됩니다. 터무니없는 국수, 즙이 많은 새우, 부드러운 돼지 고기 및 향기로운 국물은 베트남의 걸작을 형성합니다."
ufood_des_144,"A bowl of warmth and flavor—showcasing the interplay of textures, from noodles to savory shrimp and pork in a fragrant broth.","Một bát ấm áp và hương vị, cho thấy sự tương tác giữa kết cấu, từ mì đến tôm mặn và thịt lợn trong một nước dùng thơm.",따뜻함과 맛의 그릇 - 국수에서 향기로운 새우와 돼지 고기에 이르기까지 질감의 상호 작용을 보여줍니다.
ufood_des_145,"Rich and robust, featuring turmeric noodles, succulent shrimp, tender pork, and a broth that whispers tales of Vietnamese culinary heritage.","Phong phú và mạnh mẽ, có mì nghệ, tôm mọng nước, thịt lợn mềm và nước dùng thì thầm những câu chuyện về di sản ẩm thực Việt Nam.","심황 국수, 즙이 많은 새우, 부드러운 돼지 고기 및 베트남 요리 유산 이야기를 속삭이는 국물을 특징으로하는 풍부하고 강력한."
ufood_des_146,"Vietnamese culinary poetry in a bowl—harmonizing turmeric noodles, flavorful shrimp, tender pork, and an aromatic broth.","Thơ ẩm thực Việt Nam trong một bát mì nghệ trị rón nghệ, tôm có hương vị, thịt lợn mềm và nước dùng thơm.","그릇에 베트남 요리시 - 심황 국수, 풍미가 높은 새우, 부드러운 돼지 고기 및 향기로운 국물."
ufood_des_147,"Layers of heat and flavor—turmeric noodles, succulent shrimp, tender pork, and a fragrant broth create a harmonious symphony.","Các lớp nhiệt và hương vị mì ống, tôm mọng nước, thịt lợn mềm và nước dùng thơm tạo ra một bản giao hưởng hài hòa.","열과 맛의 층 - 터무니없는 국수, 즙이 많은 새우, 부드러운 돼지 고기 및 향기로운 국물은 조화로운 교향곡을 만듭니다."
ufood_des_148,"Vietnamese elegance on display—showcasing turmeric noodles, succulent shrimp, tender pork, and a broth infused with traditional spices.","Sự thanh lịch của Việt Nam được trưng bày, thể hiện mì nghệ, tôm mọng nước, thịt lợn mềm và nước dùng được truyền với các loại gia vị truyền thống.","베트남 우아함이 전시되어 있습니다. 심황 국수, 즙이 많은 새우, 부드러운 돼지 고기 및 전통적인 향신료가 주입 된 국물."
ufood_des_149,"A sensory journey through Vietnam—turmeric noodles, succulent shrimp, tender pork, and aromatic broth come together in perfect harmony.","Một cuộc hành trình cảm giác thông qua mì Việt Nam Turmeric, tôm mọng nước, thịt lợn mềm và nước dùng thơm kết hợp với nhau trong sự hài hòa hoàn hảo.","베트남을 통과하는 감각적 인 여행 - 터무니없는 국수, 즙이 많은 새우, 부드러운 돼지 고기 및 향기로운 국물은 완벽한 조화로 함께 모입니다."
ufood_des_150,"Delight in each spoonful—turmeric noodles, succulent shrimp, tender pork, and fresh herbs bathed in a soul-soothing broth.","Niềm vui trong mỗi muỗng mì ống, tôm mọng nước, thịt lợn mềm và các loại thảo mộc tươi tắm trong nước dùng làm dịu tâm hồn.","각 스푼의 기쁨-터미니적 인 국수, 즙이 많은 새우, 부드러운 돼지 고기 및 영혼을 진정시키는 국물에 목욕을하는 신선한 허브."
ufood_des_151,"Vietnamese warmth in a bowl—succulent shrimp, tender pork, turmeric noodles, and a fragrant broth create a comforting embrace for the senses.","Sự ấm áp của Việt Nam trong một bát tôm rất đa dạng, thịt lợn mềm, mì nghệ và một loại nước dùng thơm tạo ra một cái ôm an ủi cho các giác quan.","그릇에있는 베트남의 따뜻함 - 유체 새우, 부드러운 돼지 고기, 심황 국수 및 향기로운 국물은 감각을위한 편안한 포옹을 만듭니다."
ufood_des_152,"Fragrant herbs, turmeric noodles, and succulent shrimp waltz together in a bowl of Vietnamese culinary magic.","Các loại thảo mộc thơm, mì nghệ và tôm mọng nước Waltz cùng nhau trong một bát ma thuật ẩm thực Việt Nam.","향기로운 허브, 심황 국수 및 즙이 많은 새우 왈츠는 베트남 요리 마법 한 그릇에 함께 있습니다."
ufood_des_153,"Layers of goodness unfold—turmeric noodles, succulent shrimp, tender pork, and aromatic broth create an unforgettable symphony.","Các lớp của sự tốt lành mở ra mì ống, tôm mọng nước, thịt lợn mềm và nước dùng thơm tạo ra một bản giao hưởng khó quên.","선의 층이 전개됩니다 - 터무니없는 국수, 즙이 많은 새우, 부드러운 돼지 고기 및 향기로운 국물은 잊을 수없는 심포니를 만듭니다."
ufood_des_154,"Vietnamese perfection—turmeric noodles, succulent shrimp, tender pork, and a broth that whispers tales of distant spice markets.","Sự hoàn hảo của người Việt Nam, mì turmeric, tôm mọng nước, thịt lợn mềm và nước dùng thì thầm những câu chuyện về các thị trường gia vị xa xôi.","베트남의 완벽 함 - 터무니없는 국수, 즙이 많은 새우, 부드러운 돼지 고기 및 먼 향신료 시장의 이야기를 속삭이는 국물."
ufood_des_155,"A fragrant blend of turmeric noodles, succulent shrimp, and fresh herbs—an ode to the exquisite flavors of Vietnam.","Một sự pha trộn thơm của mì nghệ, tôm mọng nước và các loại thảo mộc tươi, một bản gốc cho các hương vị tinh tế của Việt Nam.","심황 국수, 즙이 많은 새우 및 신선한 허브의 향기로운 조화는 베트남의 절묘한 맛을 향한 것입니다."
ufood_des_156,"Vietnamese warmth in a bowl—succulent shrimp, tender pork, turmeric noodles, and a fragrant broth captivate the senses in every bite.","Sự ấm áp của Việt Nam trong một bát tôm có rất nhiều, thịt lợn mềm, mì nghệ và một loại nước dùng thơm quyến rũ các giác quan trong mỗi miếng cắn.","그릇에있는 베트남의 따뜻함 - 유체 새우, 부드러운 돼지 고기, 심황 국수 및 향기로운 국물은 모든 물린 곳에서 감각을 사로 잡습니다."
ufood_des_157,"A bowl filled with the heart and soul of Vietnam—turmeric noodles, succulent shrimp, tender pork, and fragrant broth come together.","Một cái bát chứa đầy trái tim và linh hồn của mì Việt Nam, tôm mọng, tôm mọng nước, thịt lợn mềm, và nước dùng thơm đến với nhau.","베트남의 심장과 영혼으로 가득 찬 그릇 - 터무니없는 국수, 즙이 많은 새우, 부드러운 돼지 고기 및 향기로운 국물이 모입니다."
ufood_des_158,"A fragrant journey through Vietnam's culinary landscape—turmeric noodles, succulent shrimp, tender pork, and herbs in perfect harmony.","Một cuộc hành trình thơm xuyên qua cảnh quan ẩm thực của Việt Nam, mì ống, tôm mọng nước, thịt lợn mềm và các loại thảo mộc với sự hài hòa hoàn hảo.","베트남의 요리 풍경을 통한 향기로운 여정 - 자연적인 국수, 즙이 많은 새우, 부드러운 돼지 고기 및 허브가 완벽한 조화."
ufood_des_159,"Layers of delight—turmeric noodles, succulent shrimp, tender pork, and aromatic broth come together in a bowl of Vietnamese culinary magic.","Các lớp của món mì turmeric, tôm mọng nước, thịt lợn mềm và nước dùng thơm đến với nhau trong một bát ma thuật ẩm thực Việt Nam.","기쁨의 층 - 터무니없는 국수, 즙이 많은 새우, 부드러운 돼지 고기 및 향기로운 국물은 베트남 요리 마법 한 그릇에 모입니다."
ufood_des_160,"A bowl filled with the essence of Vietnam—turmeric noodles, succulent shrimp, tender pork, and a fragrant broth that transports you to the vibrant streets of Hoi An.","Một cái bát chứa đầy bản chất của mì Việt Nam Turmeric, tôm mọng nước, thịt lợn mềm và một nước dùng thơm, đưa bạn đến những con đường sôi động của Hoi an.","베트남의 본질로 가득 찬 그릇 - 터무니없는 국수, 즙이 많은 새우, 부드러운 돼지 고기 및 향기로운 국물."
ufood_des_161,"An enticing stir-fry with broad rice noodles, tender beef, and vibrant vegetables—a symphony of savory flavors that dance on the palate, creating a Vietnamese culinary masterpiece.","Một món xào lôi cuốn với mì gạo rộng, thịt bò mềm và rau sống rực rỡ, một bản giao hưởng của hương vị mặn mà nhảy múa trên vòm miệng, tạo ra một kiệt tác ẩm thực Việt Nam.","넓은 쌀 국수, 부드러운 쇠고기 및 생생한 야채와 유혹적인 볶음."
ufood_des_162,"A sizzling plate of stir-fried delight—broad rice noodles, succulent beef, and colorful veggies unite, delivering a harmonious Vietnamese taste experience.","Một đĩa nóng hổi của món mì gạo xào xào, thịt bò mọng nước, và rau sặc sỡ hợp nhất, mang lại trải nghiệm hương vị của người Việt Nam hài hòa.","쌀 국수, 즙이 많은 쇠고기 및 화려한 채소가 연합하여 조화로운 베트남 맛 경험을 제공합니다."
ufood_des_163,"Delight in the wok-kissed perfection of broad rice noodles, savory beef, and a medley of crisp vegetables—a vibrant stir-fry capturing the essence of Vietnamese cuisine.","Niềm vui trong sự hoàn hảo chảo của mì gạo rộng, thịt bò mặn và một loạt các loại rau giòn, một món xào rực rỡ nắm bắt tinh chất của ẩm thực Việt Nam.","넓은 쌀 국수, 풍미있는 쇠고기 및 바삭 바삭한 야채의 메들리 (Medley of Crisp Bethipables)의 냄새가 나는 완벽 함을 기쁘게 생각합니다."
ufood_des_164,"A plate filled with stir-fried elegance—broad rice noodles, tender beef, and a colorful vegetable medley unite in a savory dance, a celebration of Vietnamese culinary ingenuity.","Một cái đĩa chứa đầy món mì gạo rán xào xào, thịt bò mềm, và một hỗn hợp thực vật đầy màu sắc trong một điệu nhảy mặn mà, một lễ kỷ niệm về sự khéo léo ẩm thực của Việt Nam.","쌀 국수, 부드러운 쇠고기 및 화려한 야채 메들리가 풍미있는 춤, 베트남 요리의 독창성을 축하하는 볶음 우아함으로 가득 찬 접시."
ufood_des_165,"Layers of flavor unfold in a sizzling stir-fry—broad rice noodles, succulent beef, and a symphony of vegetables create a harmonious Vietnamese culinary experience.","Các lớp hương vị mở ra trong một món mì gạo bồng xù, thịt bò xào, thịt bò mọng nước và một bản giao hưởng rau quả tạo ra trải nghiệm ẩm thực Việt Nam hài hòa.","쌀 국수, 즙이 많은 쇠고기 및 야채 교향곡이 조화로운 베트남 요리 경험을 만듭니다."
ufood_des_166,"Vietnamese warmth on a plate—succulent beef, stir-fried broad rice noodles, and a colorful medley of vegetables create a comforting embrace for the senses.","Sự ấm áp của Việt Nam trên một đĩa thịt bò có rất nhiều, mì gạo rộng xào, và một hỗn hợp các loại rau đầy màu sắc tạo ra một cái ôm an ủi cho các giác quan.","접시에 베트남의 따뜻함-축소 된 쇠고기, 볶은 넓은 쌀 국수, 그리고 화려한 야채 메들리가 감각을위한 편안한 포옹을 만듭니다."
ufood_des_167,"Fragrant herbs, broad rice noodles, and tender beef waltz together on a plate of Vietnamese culinary magic, delivering a delightful stir-fry experience.","Các loại thảo mộc thơm, mì gạo rộng và thịt bò mềm cùng nhau trên một đĩa ma thuật ẩm thực Việt Nam, mang đến trải nghiệm xào thú vị.","향기로운 허브, 넓은 쌀 국수 및 부드러운 쇠고기 왈츠는 베트남 요리 마법 한 접시에 함께 유쾌한 교반 된 경험을 제공합니다."
ufood_des_168,"Layers of goodness unfold—stir-fried broad rice noodles, succulent beef, and a colorful array of vegetables create an unforgettable symphony on the palate.","Các lớp lòng tốt mở ra, mì gạo rộng chiên giòn, thịt bò mọng nước và một loạt các loại rau có nhiều màu sắc tạo ra một bản giao hưởng khó quên trên vòm miệng.","선의 층이 펼쳐져 있습니다-튀긴 넓은 쌀 국수, 즙이 많은 쇠고기 및 다채로운 야채가 입맛에 잊을 수없는 심포니를 만듭니다."
ufood_des_169,"A fragrant blend of stir-fried broad rice noodles, succulent beef, and fresh vegetables—an ode to the exquisite flavors of Vietnam, a culinary masterpiece in every bite.","Một sự pha trộn thơm của mì gạo rộng xào, thịt bò mọng nước và rau quả tươi, một cú hích cho hương vị tinh tế của Việt Nam, một kiệt tác ẩm thực trong mỗi miếng cắn.","볶은 넓은 쌀 국수, 즙이 많은 쇠고기 및 신선한 야채의 향기로운 조화는 베트남의 절묘한 맛, 모든 물린 곳에서 요리의 걸작입니다."
ufood_des_170,"Vietnamese warmth on a plate—succulent beef, stir-fried broad rice noodles, and a colorful array of vegetables captivate the senses in every bite of this savory stir-fry.","Sự ấm áp của Việt Nam trên một đĩa thịt bò rất đa dạng, mì gạo rộng xào, và một loạt các loại rau đầy màu sắc quyến rũ các giác quan trong mỗi miếng thịt xào mặn này.","접시에 베트남의 따뜻함-축소 된 쇠고기, 볶은 넓은 쌀 국수, 그리고 화려한 야채 배열은이 맛있는 볶음 날개의 모든 한 입에서 감각을 사로 잡습니다."
ufood_des_171,"A plate filled with the heart and soul of Vietnam—stir-fried broad rice noodles, succulent beef, and a vibrant mix of vegetables, a celebration of Vietnamese culinary artistry.","Một đĩa chứa đầy trái tim và linh hồn của mì gạo rộng Việt Nam Việt Nam, thịt bò mọng nước, và một sự pha trộn sôi động của rau, một lễ kỷ niệm nghệ thuật ẩm thực Việt Nam.","베트남의 심장과 영혼으로 가득 찬 접시-튀어 나온 넓은 쌀 국수, 즙이 많은 쇠고기, 생생한 야채 혼합, 베트남 요리 예술의 축하."
ufood_des_172,"A fragrant journey through Vietnam's culinary landscape—broad rice noodles, succulent beef, and a variety of vegetables in perfect harmony, a delightful stir-fry experience.","Một hành trình thơm xuyên qua cảnh quan ẩm thực của Việt Nam, mì gạo, thịt bò mọng nước và một loạt các loại rau hoàn hảo, một trải nghiệm xào thú vị.","베트남의 요리 풍경을 통한 향기로운 여행-쌀 국수, 즙이 많은 쇠고기 및 완벽한 조화, 유쾌한 볶음 환경의 다양한 야채."
ufood_des_173,"Layers of delight—stir-fried broad rice noodles, succulent beef, and a colorful array of vegetables come together in a plate of Vietnamese culinary magic.","Các lớp của món mì gạo rộng sành thú, thịt bò mọng nước, và một loạt các loại rau đầy màu sắc kết hợp với nhau trong một đĩa ma thuật ẩm thực Việt Nam.","기쁨의 층-튀는 넓은 쌀 국수, 즙이 많은 쇠고기 및 다채로운 야채가 베트남 요리 마법 한 접시에 모입니다."
ufood_des_174,"Vietnamese perfection—broad rice noodles, succulent beef, and a medley of vegetables, a dish that whispers tales of distant spice markets in this savory stir-fry.","Sự hoàn hảo của Việt Nam, mì gạo, thịt bò mọng nước và một loạt các loại rau, một món ăn thì thầm những câu chuyện về các thị trường gia vị xa xôi trong món xào mặn này.","베트남 완벽-쌀 국수, 즙이 많은 쇠고기 및 야채 메들리,이 풍미있는 볶음 날에 먼 향신료 시장의 이야기를 속삭이는 요리."
ufood_des_175,"A sizzling blend of stir-fried broad rice noodles, succulent beef, and fresh herbs—an ode to the exquisite flavors of Vietnam, a culinary journey in every bite.","Một sự pha trộn nóng hổi của mì gạo rộng xào, thịt bò mọng nước và các loại thảo mộc tươi, một bản gốc cho hương vị tinh tế của Việt Nam, một hành trình ẩm thực trong mỗi miếng cắn.","볶은 넓은 쌀 국수, 즙이 많은 쇠고기 및 신선한 허브의 지글 지글 조화는 베트남의 절묘한 맛, 모든 물린 음식의 요리 여행입니다."
ufood_des_176,"Vietnamese warmth on a plate—succulent beef, stir-fried broad rice noodles, and a colorful array of vegetables, a comforting stir-fry embrace for the senses.","Sự ấm áp của Việt Nam trên một đĩa thịt bò rất thành tích, mì gạo rộng xào, và một loạt các loại rau, một món xào thoải mái cho các giác quan.","접시에 베트남의 따뜻함-축소 된 쇠고기, 볶은 넓은 쌀국수, 화려한 야채, 편안한 볶음 튀김이 감각을 위해 포옹합니다."
ufood_des_177,"A plate filled with the essence of Vietnam—stir-fried broad rice noodles, succulent beef, and a savory medley of vegetables that transports you to the vibrant streets of Hanoi.","Một cái đĩa chứa đầy bản chất của mì gạo rộng Việt Nam Việt Nam, thịt bò mọng nước và một loạt các loại rau ngon vận chuyển bạn đến những con đường sôi động của Hà Nội.","베트남의 본질로 가득 찬 접시-튀어 나온 넓은 쌀 국수, 즙이 많은 쇠고기 및 야채의 생생한 거리로 당신을 운반하는 풍미있는 야채 메들리."
ufood_des_178,"A fragrant journey through Vietnam's culinary landscape—broad rice noodles, succulent beef, and a variety of vegetables in perfect harmony in this delightful stir-fry.","Một cuộc hành trình thơm xuyên qua phong cảnh ẩm thực của Việt Nam, mì gạo, thịt bò mọng nước và một loạt các loại rau hoàn hảo trong món xào thú vị này.","베트남의 요리 풍경을 통한 향기로운 여행-쌀 국수, 즙이 많은 쇠고기 및 다양한 야채 가이 유쾌한 볶음에 완벽한 조화를 이루고 있습니다."
ufood_des_179,"Layers of delight—stir-fried broad rice noodles, succulent beef, and a colorful array of vegetables come together in a plate of Vietnamese culinary magic.","Các lớp của món mì gạo rộng sành thú, thịt bò mọng nước, và một loạt các loại rau đầy màu sắc kết hợp với nhau trong một đĩa ma thuật ẩm thực Việt Nam.","기쁨의 층-튀는 넓은 쌀 국수, 즙이 많은 쇠고기 및 다채로운 야채가 베트남 요리 마법 한 접시에 모입니다."
ufood_des_180,"A plate filled with the essence of Vietnam—stir-fried broad rice noodles, succulent beef, and a savory medley of vegetables, delivering the vibrant flavors of Hanoi's street food.","Một đĩa chứa đầy bản chất của mì gạo rộng của Việt Nam, rán, thịt bò mọng nước và một hỗn hợp rau thơm, mang đến những hương vị rực rỡ của thức ăn đường phố của Hà Nội.","베트남의 본질로 가득 찬 접시-넓은 쌀국수, 즙이 많은 쇠고기 및 야채의 풍미있는 양수루로 하노이의 길거리 음식의 생생한 맛을 전달합니다."
ufood_des_181,"A Korean delight—seaweed-wrapped rolls with seasoned rice, colorful vegetables, and your choice of filling, creating a portable and flavorful culinary experience.","Một món ngon của Hàn Quốc, những cuộn được bọc bằng gạo dày dạn, rau sặc sỡ và sự lựa chọn của bạn về việc làm đầy, tạo ra trải nghiệm ẩm thực di động và có hương vị.","한국의 즐거움-양념 쌀, 다채로운 야채 및 선택한 충전재가 들어간 롤 롤."
ufood_des_182,"Dive into a bite-sized adventure—rolls with seasoned rice, fresh veggies, and your favorite filling, a Korean culinary delight.","Đi sâu vào một cuộc phiêu lưu có kích thước bằng cắn với những chiếc gạo dày dạn, rau tươi và món ăn yêu thích của bạn, một niềm vui ẩm thực của Hàn Quốc.","양념 쌀, 신선한 채소, 가장 좋아하는 충전재, 한국 요리의 즐거움을 곁들인 한 입 크기의 모험에 뛰어 들으십시오."
ufood_des_183,"Layers of delight unfold—seasoned rice, vibrant vegetables, and a choice of filling rolled in seaweed create a harmonious Korean snack.","Các lớp thú vị mở ra gạo có thời gian, rau sống và lựa chọn đổ đầy trong rong biển tạo ra một món ăn nhẹ hài hòa của Hàn Quốc.","기쁨의 층이 전개됩니다. 쌀, 생생한 야채, 해초에 롤링 된 선택은 조화로운 한국 간식을 만듭니다."
ufood_des_184,"A portable plate of flavor—rolls with seasoned rice, colorful veggies, and your choice of filling, capturing the essence of Korean street food.","Một đĩa có hương vị di động của Rolls với gạo dày dạn, rau đầy màu sắc và sự lựa chọn của bạn về việc làm đầy, nắm bắt bản chất của thức ăn đường phố Hàn Quốc.","휴대용 풍미 접시 - 양념 쌀, 화려한 채소 및 선택한 채우기로 한국의 길거리 음식의 본질을 포착합니다."
ufood_des_185,"Korean culinary poetry in a roll—harmonizing seasoned rice, flavorful vegetables, and a choice of filling in a convenient and tasty package.","Thơ ẩm thực Hàn Quốc trong một món gạo dẻo dai, rau có hương vị, và lựa chọn điền vào một gói tiện lợi và ngon miệng.","롤의 한국 요리시 - 노련한 쌀, 풍성한 야채, 편리하고 맛있는 패키지를 채우는 선택."
ufood_des_186,"A sensory journey through Korea—seasoned rice, fresh vegetables, and a variety of fillings come together in perfect harmony.","Một hành trình cảm giác qua Hàn Quốc đã được gạo, rau tươi và một loạt các chất độn kết hợp với nhau trong sự hài hòa hoàn hảo.","한국을 통한 감각 여행 - 계절에 따른 쌀, 신선한 야채 및 다양한 충전재가 완벽하게 조화를 이룹니다."
ufood_des_187,"Layers of taste and texture—seasoned rice, vibrant vegetables, and a choice of filling rolled in seaweed create a delightful Korean culinary experience.","Các lớp hương vị và kết cấu của gạo đã có thời gian, rau sống và lựa chọn đổ đầy rong biển tạo ra trải nghiệm ẩm thực Hàn Quốc thú vị.","맛과 질감의 층 - 계절에 따른 쌀, 생생한 야채 및 해초에 롤링 된 선택은 유쾌한 한국 요리 경험을 만듭니다."
ufood_des_188,"Korean elegance on the go—showcasing seasoned rice, colorful veggies, and your chosen filling in a portable and flavorful roll.","Sự thanh lịch của Hàn Quốc trên gạo gạo dòn, rau, và chất làm đầy của bạn trong một cuộn di động và có hương vị.","이동중인 한국의 우아함 - 노련한 쌀, 화려한 채소, 그리고 당신은 휴대용과 맛이 좋은 롤을 채우는 선택된 채우기."
ufood_des_189,"A bite-sized celebration of Korea—rolls feature seasoned rice, fresh vegetables, and a choice of filling, delivering a harmonious culinary experience.","Một lễ kỷ niệm có kích thước cắn của Hàn Quốc, Rolls có gạo dày dạn, rau tươi và lựa chọn làm đầy, mang lại trải nghiệm ẩm thực hài hòa.","한국의 한입 크기의 축하 행사-롤은 노련한 쌀, 신선한 야채 및 충전 선택을 특징으로하여 조화로운 요리 경험을 제공합니다."
ufood_des_190,"Delight in each bite—seasoned rice, vibrant vegetables, and your favorite filling rolled in seaweed make for a satisfying Korean snack.","Niềm vui trong mỗi miếng gạo có thời gian, rau quả và món ăn yêu thích của bạn được cuộn trong rong biển làm cho một bữa ăn nhẹ Hàn Quốc thỏa mãn.","계절에 달하는 쌀, 생생한 야채, 그리고 가장 좋아하는 충전물은 해초에 굴러 가면서 만족스러운 한국 간식을 만듭니다."
ufood_des_191,"Korean warmth in a roll—seasoned rice, fresh veggies, and a choice of filling create a comforting embrace for the taste buds.","Sự ấm áp của Hàn Quốc trong một cuộn gạo có thời gian, rau tươi và lựa chọn làm đầy tạo ra một cái ôm an ủi cho vị giác.","롤의 한국의 따뜻함 - 쌀, 신선한 채소 및 채우는 선택은 미각을위한 편안한 포옹을 만듭니다."
ufood_des_192,"Fragrant herbs, seasoned rice, and a variety of fillings dance together in a roll of Korean culinary magic.","Các loại thảo mộc thơm, gạo dày dạn, và một loạt các chất độn nhảy cùng nhau trong một cuộn ma thuật ẩm thực Hàn Quốc.","향기로운 허브, 노련한 쌀 및 다양한 충전재가 한국 요리 마법 롤에서 함께 춤을 추고 있습니다."
ufood_des_193,"Layers of goodness unfold—seasoned rice, vibrant vegetables, and a choice of filling rolled in seaweed create an unforgettable Korean culinary symphony.","Các lớp lòng tốt mở ra gạo có thời gian, rau sống và lựa chọn đổ đầy rong biển tạo ra một bản giao hưởng ẩm thực Hàn Quốc khó quên.","선의 층이 전개됩니다. 쌀, 생생한 야채 및 해초에 롤링 된 선택은 잊을 수없는 한국 요리 심포니를 만듭니다."
ufood_des_194,"Korean perfection—seasoned rice, fresh vegetables, and a medley of fillings in a roll that whispers tales of vibrant markets and street vendors.","Sự hoàn hảo của Hàn Quốc đã nói với gạo, rau tươi và một loạt các chất trám trong một cuộn thì thầm những câu chuyện về các thị trường sôi động và những người bán hàng rong.","한국의 완벽 함 - 계절에 따른 쌀, 신선한 채소, 생생한 시장과 거리 공급 업체의 이야기를 속삭이는 롤의 메들리."
ufood_des_195,"A bite-sized blend of seasoned rice, fresh veggies, and your favorite filling—an ode to the exquisite flavors in Korea.","Một sự pha trộn kích thước cắn của gạo dày dạn, rau tươi và chất làm đầy yêu thích của bạn là một bài thơ ca ngợi các hương vị tinh tế ở Hàn Quốc.","양념 쌀, 신선한 채소 및 가장 좋아하는 충전물의 한 입 크기 조화는 한국의 절묘한 맛을 향한 것입니다."
ufood_des_196,"Korean warmth in a roll—seasoned rice, vibrant vegetables, and a choice of filling create a comforting embrace for the senses.","Sự ấm áp của Hàn Quốc trong một cuộn gạo có thời gian, rau sống và lựa chọn làm đầy tạo ra một cái ôm an ủi cho các giác quan.","롤의 한국의 따뜻함 - 계절에 따른 쌀, 생생한 야채 및 채우는 선택은 감각을위한 편안한 포옹을 만듭니다."
ufood_des_197,"A roll filled with the heart and soul of Korea—seasoned rice, fresh veggies, and a choice of filling deliver a taste of Korean culinary artistry.","Một cuộn chứa đầy trái tim và linh hồn của Hàn Quốc có thời gian gạo, rau tươi và lựa chọn làm đầy mang đến một hương vị của nghệ thuật ẩm thực Hàn Quốc.","한국의 심장과 영혼으로 가득 찬 롤 - 계절에 따른 쌀, 신선한 채소, 채우기의 선택은 한국 요리 예술의 맛을 제공합니다."
ufood_des_198,"A fragrant journey through Korea's culinary landscape—seasoned rice, vibrant vegetables, and a variety of fillings in perfect harmony.","Một cuộc hành trình thơm xuyên qua cảnh quan ẩm thực của Hàn Quốc, đã có những loại gạo, rau sống và một loạt các chất độn trong sự hài hòa hoàn hảo.","한국의 요리 풍경을 통한 향기로운 여행 - 계절에 따른 쌀, 생생한 야채 및 다양한 조화를 이루는 다양한 충전."
ufood_des_199,"Layers of delight—seasoned rice, vibrant vegetables, and a choice of filling rolled in seaweed come together in a bite-sized Korean culinary magic.","Các lớp gạo có tinh thần thích thú, rau sống và lựa chọn đổ đầy rong biển kết hợp với nhau trong một phép thuật ẩm thực Hàn Quốc có kích thước bằng miếng.","기쁨의 층-계절에 따른 쌀, 생생한 야채 및 해초에 롤링 된 선택은 한해 크기의 한국 요리 마법으로 함께 모입니다."
ufood_des_200,"A roll filled with the essence of Korea—seasoned rice, fresh veggies, and a savory choice of filling that transports you to the bustling streets of Seoul.","Một cuộn chứa đầy bản chất của Hàn Quốc đã nói chuyện với Rice, rau tươi và một sự lựa chọn tuyệt vời để lấp đầy việc đưa bạn đến những con đường nhộn nhịp của Seoul.","한국의 본질로 가득 찬 롤 - 쌀, 신선한 채소, 그리고 서울의 번잡 한 거리로 당신을 운반하는 풍미있는 선택."
ufood_des_201,"A Korean comfort—spicy, tangy broth embracing chunks of kimchi, tofu, and your choice of protein, creating a steaming bowl of flavorful warmth.","Một sự thoải mái của Hàn Quốc, nước dùng, nước dùng rối, ôm lấy những khối kim chi, đậu phụ và sự lựa chọn protein của bạn, tạo ra một bát hấp dẫn đầy hương vị.","한국의 안락함 - 김치, 두부의 덩어리 덩어리와 단백질의 선택을 포용하는 칙칙한 깡패, 풍미있는 따뜻함의 찐 그릇을 만듭니다."
ufood_des_202,"Dive into a bowl of Korean coziness—kimchi soup, a spicy and tangy broth with tofu and your preferred protein, a delightful Korean culinary experience.","Đi sâu vào một bát súp Hàn Quốc, súp Kimchi, một nước dùng cay và rối với đậu phụ và protein ưa thích của bạn, một trải nghiệm ẩm thực thú vị của Hàn Quốc.","킴 치 수프, 두부가 든 매운, 칙칙한 국물, 유쾌한 한국 요리 경험 인 한국의 편안함 한 그릇에 뛰어 들었다."
ufood_des_203,"Layers of warmth unfold—kimchi soup's fiery broth, tangy kimchi, soft tofu, and your choice of protein create a harmonious Korean comfort dish.","Các lớp ấm áp mở ra nước dùng bốc lửa của Kimchi Soup, kim chi, đậu phụ mềm và sự lựa chọn protein của bạn tạo ra một món ăn thoải mái hài hòa của Hàn Quốc.","따뜻한 층이 전개됩니다 - 김치 수프의 불 같은 국물, 탱키 김치, 부드러운 두부 및 단백질을 선택하면 조화로운 한국의 안락한 접시가 생깁니다."
ufood_des_204,"A bowl filled with flavorful elegance—spicy kimchi soup, tender tofu, and your chosen protein combine in a comforting embrace, celebrating Korean culinary ingenuity.","Một cái bát chứa đầy súp kim chi, súp kim chi, đậu phụ mềm và protein được chọn của bạn kết hợp trong một vòng tay an ủi, tôn vinh sự khéo léo ẩm thực của Hàn Quốc.","풍미가있는 우아함으로 가득 찬 그릇 - 김치 수프, 부드러운 두부 및 선택한 단백질은 편안한 포옹으로 결합되어 한국 요리의 독창성을 축하합니다."
ufood_des_205,"A steaming symphony of flavors—kimchi soup's spicy broth, tangy kimchi, tofu, and your preferred protein create a harmonious Korean culinary masterpiece.","Một bản giao hưởng hấp các hương vị của nước dùng cay của Kimchi, Kimchi Tangy, Đậu phụ, và protein ưa thích của bạn tạo ra một kiệt tác ẩm thực Hàn Quốc hài hòa.","김치 수프의 매운 국물, 탱키 김치, 두부 및 선호하는 단백질의 증기 심포니는 조화로운 한국 요리 걸작을 만듭니다."
ufood_des_206,"Korean culinary poetry in a bowl—harmonizing spicy kimchi, tangy broth, tofu, and your choice of protein in a soul-soothing kimchi soup.","Thơ ẩm thực của Hàn Quốc trong một bát, được nuôi dưỡng cay, nước dùng rối, đậu phụ, và sự lựa chọn protein của bạn trong một món súp kim chi tiết tâm hồn.","그릇에 한국 요리시-매운 김치, 칙칙한 국물, 두부 및 영혼의 경건한 김치 수프에서 단백질을 선택합니다."
ufood_des_207,"Layers of heat and flavor—kimchi soup's fiery broth, tangy kimchi, soft tofu, and your chosen protein create a comforting symphony in a bowl.","Các lớp nhiệt và hương vị của nước dùng bốc lửa của súp Kimchi, kim chi, đậu phụ mềm và protein được chọn của bạn tạo ra một bản giao hưởng thoải mái trong một cái bát.","열과 맛의 층 - 김치 수프의 불 같은 국물, 탱키 김치, 소프트 두부 및 선택한 단백질은 그릇에 편안한 교향곡을 만듭니다."
ufood_des_208,"Korean comfort on display—showcasing kimchi soup's spicy broth, tangy kimchi, tofu, and your preferred protein, an exquisite and warming dish.","Sự thoải mái của Hàn Quốc được trưng bày, người dùng súp của Kimchi Soup, bộ kim chi, đậu phụ, và protein ưa thích của bạn, một món ăn tinh tế và ấm áp.","Kimchi Soup의 매운 국물, Tangy Kimchi, Tofu 및 선호하는 단백질, 절묘하고 따뜻한 접시를 선호하는 한국의 편안함."
ufood_des_209,"A sensory journey through Korea—kimchi soup's spicy broth, tangy kimchi, tofu, and your choice of protein come together in perfect harmony.","Một hành trình cảm giác qua nước dùng cay của Hàn Quốc Kimchi, kim chi, đậu phụ, và sự lựa chọn protein của bạn kết hợp với nhau trong sự hài hòa hoàn hảo.","한국을 통한 감각 여행 - 킴 치 수프의 매운 국물, 탱키 김치, 두부 및 단백질의 선택은 완벽한 조화로 결합됩니다."
ufood_des_210,"Delight in each spoonful—kimchi soup's spicy broth, tangy kimchi, soft tofu, and your preferred protein create a soul-warming Korean comfort.","Niềm vui trong mỗi muỗng nước dùng cay của Soup Kimchi Soup, Kimchi Tangy, Đậu phụ mềm và protein ưa thích của bạn tạo ra sự thoải mái ấm áp về tâm hồn.","각 스푼의 기쁨-김치 수프의 매운 국물, 탱키 김치, 소프트 두부 및 선호하는 단백질은 영혼을 따뜻하게 한 한국의 안락함을 만듭니다."
ufood_des_211,"Korean warmth in a bowl—spicy kimchi, tangy broth, tofu, and your choice of protein create a comforting embrace for the senses in kimchi soup.","Sự ấm áp của Hàn Quốc trong một bát kim chi, nước dùng rối, đậu phụ và sự lựa chọn protein của bạn tạo ra một cái ôm an ủi cho các giác quan trong súp kim chi.","그릇에있는 한국의 따뜻함 - 김치, 칙칙한 국물, 두부 및 단백질을 선택하면 김치 수프의 감각에 대한 편안한 포옹을 만듭니다."
ufood_des_212,"Fragrant herbs, spicy broth, and tender tofu waltz together in a bowl of Korean culinary magic known as kimchi soup.","Các loại thảo mộc thơm, nước dùng cay, và đậu phụ mềm Waltz cùng nhau trong một bát ma thuật ẩm thực Hàn Quốc được gọi là súp kim chi.","향기로운 허브, 매운 국물 및 부드러운 두부 왈츠는 김치 수프로 알려진 한국 요리 마법의 한 그릇에 함께 있습니다."
ufood_des_213,"Layers of goodness unfold—kimchi soup's spicy broth, tangy kimchi, soft tofu, and your preferred protein create an unforgettable symphony.","Các lớp lòng tốt mở ra nước dùng cay của súp Kimchi, kim chi, đậu phụ mềm và protein ưa thích của bạn tạo ra một bản giao hưởng khó quên.","선한 층이 전개됩니다 - 김치 수프의 매운 국물, 탱키 김치, 소프트 두부 및 선호하는 단백질은 잊을 수없는 심포니를 만듭니다."
ufood_des_214,"Korean perfection—spicy kimchi soup with tangy kimchi, tender tofu, and your chosen protein, a dish that whispers tales of vibrant markets and family kitchens.","Sự hoàn hảo của Hàn Quốc, súp kim chi -súp với bộ kim chi rối, đậu phụ mềm và protein được chọn của bạn, một món ăn thì thầm những câu chuyện về thị trường sôi động và nhà bếp gia đình.","한국의 완벽 함 - 탱키 김치, 부드러운 두부 및 선택한 단백질, 생생한 시장과 가족 주방의 이야기를 속삭이는 요리."
ufood_des_215,"A fragrant blend of spicy broth, tangy kimchi, and soft tofu—an ode to the exquisite flavors of kimchi soup in Korea.","Một hỗn hợp thơm của nước dùng cay, kim chi, và đậu phụ mềm, một cú hích cho hương vị tinh tế của súp kim chi ở Hàn Quốc.","매운 국물, 칙칙한 김치, 부드러운 두부의 향기로운 조화는 한국의 김치 수프의 절묘한 맛을 향한 것입니다."
ufood_des_216,"Korean warmth in a bowl—spicy kimchi soup, tangy kimchi, soft tofu, and your choice of protein captivate the senses in every spoonful.","Sự ấm áp của Hàn Quốc trong một bát súp kim ca spicy, kimchi rối, đậu phụ mềm và sự lựa chọn protein của bạn quyến rũ các giác quan trong mỗi muỗng.","그릇에있는 한국의 따뜻함 - 김치 수프, 탱키 김치, 소프트 두부 및 단백질의 선택은 모든 숟가락의 감각을 사로 잡습니다."
ufood_des_217,"A bowl filled with the heart and soul of Korea—kimchi soup's spicy broth, tangy kimchi, tofu, and your preferred protein create a comforting embrace.","Một cái bát chứa đầy trái tim và linh hồn của nước dùng cay của Hàn Quốc Kimchi, kim chi, đậu phụ, và protein ưa thích của bạn tạo ra một vòng tay an ủi.","한국의 마음과 영혼으로 가득 찬 그릇 - 킴 치 수프의 매운 국물, 탱키 김치, 두부 및 선호하는 단백질은 편안한 포옹을 만듭니다."
ufood_des_218,"A fragrant journey through Korea's culinary landscape—spicy kimchi soup, tangy kimchi, soft tofu, and your choice of protein in perfect harmony.","Một cuộc hành trình thơm xuyên qua cảnh quan ẩm thực của Hàn Quốc, súp kim chi -súp, kim chi, đậu phụ mềm và sự lựa chọn protein của bạn trong sự hài hòa hoàn hảo.","한국의 요리 풍경을 통한 향기로운 여행과 같은 김치 수프, 탱키 김치, 부드러운 두부 및 단백질 선택이 완벽한 조화."
ufood_des_219,"Layers of delight—kimchi soup's spicy broth, tangy kimchi, tofu, and your preferred protein come together in a bowl of Korean culinary magic.","Các lớp nước dùng cay của Soup Kimchi Soup, Kimchi Tangy, Đậu phụ, và protein ưa thích của bạn kết hợp với nhau trong một bát ma thuật ẩm thực Hàn Quốc.","기쁨의 층 - 김치 수프의 매운 국물, Tangy Kimchi, Tofu 및 선호하는 단백질은 한국 요리 마법 한 그릇에 모입니다."
ufood_des_220,"A bowl filled with the essence of Korea—kimchi soup's spicy broth, tangy kimchi, soft tofu, and your chosen protein transport you to the bustling streets of Seoul.","Một cái bát chứa đầy bản chất của nước dùng cay của Hàn Quốc Kimchi, kim chi, đậu phụ mềm và protein được chọn của bạn đưa bạn đến những con đường nhộn nhịp của Seoul.","한국의 본질로 가득 찬 그릇 - 킴 치 수프의 매운 국물, 탱키 김치, 부드러운 두부 및 선택한 단백질은 서울의 번잡 한 거리로 당신을 운반합니다."
ufood_des_221,"Korean delight—thin slices of marinated, grilled beef, a symphony of sweet and savory flavors, offering a tantalizing taste of Korean culinary mastery.","Hàn Quốc thích thú với những lát thịt bò ướp, nướng, một bản giao hưởng của hương vị ngọt ngào và mặn, mang đến hương vị trêu ngươi của thành thạo ẩm thực Hàn Quốc.","한국의 즐거움 - 한국의 요리 숙달의 감각적 인 맛을 제공하는 달콤하고 풍미있는 맛의 심포니 인 절인, 구운 쇠고기 조각."
ufood_des_222,"Dive into a plate of Korean flavor—thinly sliced, marinated, and grilled beef, a succulent and sweet-savory delight.","Lặn vào một đĩa hương vị Hàn Quốc, cắt lát, ướp và nướng thịt bò, một niềm vui mọng nước và ngọt ngào.","한국 맛의 한 접시에 뛰어 들면서, 즙이 많고 달콤한 쇠고기, 즙이 많고 달콤한 기쁨 인 쇠고기."
ufood_des_223,"Layers of taste unfold—marinated, grilled beef, with a sweet and savory profile, creating a harmonious Korean culinary experience.","Các lớp hương vị mở ra, thịt bò nướng, nướng, với một hồ sơ ngọt ngào và mặn mà, tạo ra trải nghiệm ẩm thực Hàn Quốc hài hòa.",맛의 층이 전개됩니다 - 달콤하고 풍미있는 프로파일로 조화로운 한국 요리 경험을 만듭니다.
ufood_des_224,"A plate filled with flavorful elegance—thinly sliced, marinated, and grilled beef, a celebration of Korean culinary ingenuity.","Một đĩa chứa đầy sự thanh lịch đầy hương vị, được cắt lát, ướp và nướng thịt bò, một lễ kỷ niệm của sự khéo léo ẩm thực của Hàn Quốc.",맛이 좋은 우아함으로 가득 찬 접시 - 한국 요리의 독창성을 축하합니다.
ufood_des_225,"A symphony of flavors in every bite—thinly sliced, marinated, and grilled beef offers a sweet and savory Korean masterpiece.","Một bản giao hưởng các hương vị trong mỗi miếng cắn, thịt bò được cắt lát, ướp và nướng cung cấp một kiệt tác Hàn Quốc ngọt ngào và mặn.","모든 물기에 풍미의 교향곡 - 얇게 썬, 절인 및 구운 쇠고기는 달콤하고 풍미있는 한국 걸작을 제공합니다."
ufood_des_226,"Korean culinary poetry on a plate—harmonizing thin slices of sweet and savory marinated, grilled beef.","Thơ ẩm thực Hàn Quốc trên một đĩa, những lát mỏng của thịt bò ngọt và mặn, nướng.","한국의 요리시 - 접시에 - 달콤하고 풍미있는 절인, 구운 쇠고기의 얇은 조각을 괴롭 힙니다."
ufood_des_227,"Layers of succulence—marinated, grilled beef, offering a sweet and savory melody, creates a delightful Korean dining experience.","Các lớp của Sucatulence, đã gắn kết thịt bò nướng, nướng, mang đến một giai điệu ngọt ngào và mặn mà, tạo ra một trải nghiệm ăn uống thú vị của Hàn Quốc.",즙이 많은 층 - 변화하고 구운 쇠고기가 달콤하고 풍미있는 멜로디를 제공하는 유쾌한 한국 식사 경험을 만듭니다.
ufood_des_228,"Korean elegance on display—showcasing thinly sliced, marinated, and grilled beef, a succulent and sweet-savory indulgence.","Sự thanh lịch của Hàn Quốc được trưng bày, thể hiện sự cắt lát mỏng, ướp và nướng thịt bò, một sự nuông chiều mọng nước và ngọt ngào.","한국의 우아함 전시-얇게 썬, 절인 및 구운 쇠고기, 즙이 많고 달콤한 방종."
ufood_des_229,"A sensory journey through Korea—marinated, grilled beef, with its sweet and savory notes, provides a taste of Korean culinary harmony.","Một cuộc hành trình cảm giác qua Hàn Quốc, được nướng, thịt bò nướng, với những nốt hương ngọt ngào và mặn mà, cung cấp một hương vị của sự hài hòa ẩm thực của Hàn Quốc.",한국을 통한 감각적 인 여행 - 달콤하고 풍미있는 노트와 함께 마모되고 구운 쇠고기는 한국 요리의 조화를 맛볼 수 있습니다.
ufood_des_230,"Delight in each bite—thinly sliced, marinated, and grilled beef offers a sweet and savory sensation on the palate.","Niềm vui trong mỗi miếng cắn, thịt bò được cắt lát, ướp và nướng mang đến một cảm giác ngọt ngào và ngon miệng trên vòm miệng.",각각 한 입에 기뻐합니다. 세게 얇게 썰고 절인하며 구운 쇠고기는 구개에 달콤하고 풍미있는 느낌을줍니다.
ufood_des_231,"Korean warmth on a plate—marinated, grilled beef, with its sweet and savory profile, creates a comforting embrace for the senses.","Sự ấm áp của Hàn Quốc trên một cái đĩa, thịt bò nướng, nướng, với hồ sơ ngọt ngào và mặn mà của nó, tạo ra một vòng tay an ủi cho các giác quan.",한국의 따뜻함은 달콤하고 풍미있는 프로필을 가진 기화되고 구운 쇠고기가 감각을위한 편안한 포옹을 만듭니다.
ufood_des_232,"Fragrant herbs, marinated beef, and a sweet-savory dance waltz together on a plate of Korean culinary magic.","Các loại thảo mộc thơm, thịt bò ướp, và một waltz khiêu vũ ngọt ngào cùng nhau trên một đĩa ma thuật ẩm thực Hàn Quốc.","향기로운 허브, 절인 쇠고기 및 달콤한 춤은 한국 요리 마법 한 접시에 함께 왈츠입니다."
ufood_des_233,"Layers of goodness unfold—thinly sliced, marinated, and grilled beef presents an unforgettable sweet and savory symphony.","Các lớp lòng tốt mở ra, một loại thịt bò được cắt lát, ướp và nướng thể hiện một bản giao hưởng ngọt ngào và mặn mà không thể quên.","선의 층이 전개되고, 얇아지고 절인하며 구운 쇠고기는 잊을 수없는 달콤하고 풍미있는 심포니를 나타냅니다."
ufood_des_234,"Korean perfection—thin slices of marinated, grilled beef, a dish that whispers tales of vibrant markets and family gatherings.","Sự hoàn hảo của Hàn Quốc có những lát thịt bò ướp, nướng, một món ăn thì thầm những câu chuyện về các thị trường sôi động và các cuộc tụ họp gia đình.","한국의 완벽 함 - 생생한 시장과 가족 모임에 대한 이야기를 속삭이는 요리, 절인, 구운 쇠고기 조각."
ufood_des_235,"A sweet and savory blend—marinated, grilled beef offers an ode to the exquisite flavors of Korean culinary expertise.","Một sự pha trộn ngọt ngào và mặn mà đã gắn kết thịt bò, nướng cung cấp một bài báo cho các hương vị tinh tế của chuyên môn ẩm thực Hàn Quốc.",달콤하고 풍미있는 혼합 - 기화되고 구운 쇠고기는 한국 요리 전문 지식의 절묘한 맛을 제공합니다.
ufood_des_236,"Korean warmth on a plate—thinly sliced, marinated, and grilled beef captivates the senses with its sweet and savory allure.","Sự ấm áp của Hàn Quốc trên một cái đĩa, đó là thịt bò được cắt lát, ướp và nướng quyến rũ các giác quan với sự quyến rũ ngọt ngào và thơm ngon của nó.",접시에 한국의 따뜻함 - 주로 얇게 썰고 절인하며 구운 쇠고기는 달콤하고 풍미있는 매력으로 감각을 사로 잡습니다.
ufood_des_237,"A plate filled with the heart and soul of Korea—marinated, grilled beef delivers a taste of Korean culinary artistry.","Một đĩa chứa đầy trái tim và linh hồn của Hàn Quốc, thịt bò nướng, nướng mang đến một hương vị của nghệ thuật ẩm thực Hàn Quốc.",한국의 심장과 영혼으로 가득 찬 접시 - 마모 된 구운 쇠고기는 한국 요리 예술의 맛을 제공합니다.
ufood_des_238,"A fragrant journey through Korea's culinary landscape—thinly sliced, marinated, and grilled beef in perfect harmony.","Một hành trình thơm xuyên qua phong cảnh ẩm thực của Hàn Quốc, được cắt lát, ướp và nướng thịt bò trong sự hài hòa hoàn hảo.",한국의 요리 풍경을 통한 향기로운 여행 - 이들은 완벽한 조화로 얇게 썰고 절인하며 구운 쇠고기.
ufood_des_239,"Layers of delight—marinated, grilled beef, with its sweet and savory notes, come together in a plate of Korean culinary magic.","Các lớp thú vui, được coi là thịt bò nướng, nướng, với những nốt hương ngọt ngào và mặn mà, kết hợp với nhau trong một đĩa ma thuật ẩm thực Hàn Quốc.","기쁨의 층 - 달콤하고 짭짤한 음표가 담긴 기쁨, 구운 쇠고기는 한국 요리 마법 한 접시에 모입니다."
ufood_des_240,"A plate filled with the essence of Korea—thinly sliced, marinated, and grilled beef transports you to the sizzling grills of Seoul's street vendors.","Một đĩa chứa đầy bản chất của Hàn Quốc, cắt lát, ướp và nướng thịt bò vận chuyển bạn đến những vỉ nướng nóng bỏng của những người bán hàng rong của Seoul.","한국의 본질로 가득 찬 접시 - 주로 얇게 썬, 절인 및 구운 쇠고기는 서울의 거리 공급 업체의 지글 지글 그릴로 당신을 운반합니다."
ufood_des_241,"Korean street food delight—a chewy medley of rice cakes bathed in a fiery gochujang sauce, creating a sweet and spicy symphony that dances on the taste buds.","Thức ăn đường phố Hàn Quốc Delight, một hỗn hợp bánh gạo nhai được tắm trong nước sốt Gochujang bốc lửa, tạo ra một bản giao hưởng ngọt ngào và cay độc, nhảy vào vị giác.",한국의 길거리 음식의 즐거움 - 치즈 쌀 케이크의 질긴 메들리가 불 같은 고추 장 소스에 목욕을하여 맛 싹에서 춤을 추는 달콤하고 매운 심포니를 만듭니다.
ufood_des_242,"Dive into a bowl of Korean comfort—rice cakes immersed in a spicy gochujang sauce, a chewy and flavorful delight.","Đi sâu vào một bát thoải mái của Hàn Quốc, những chiếc bánh nhỏ trong một loại nước sốt Gochujang cay, một niềm vui dai và hương vị.","한국의 안락한 그릇에 뛰어 들어 - 매운 고추 장 소스, 질긴 맛이 좋은 즐거움에 몰입 한 케이크."
ufood_des_243,"Layers of flavor unfold—rice cakes in a fiery gochujang sauce, creating a harmonious blend of sweet and spicy in a Korean culinary experience.","Các lớp hương vị mở ra những chiếc bánh bằng kem trong nước sốt Gochujang bốc lửa, tạo ra sự pha trộn hài hòa của ngọt và cay trong trải nghiệm ẩm thực Hàn Quốc.",맛의 층이 전개됩니다 - 불 같은 고추 장 소스에 케이크가 생겨서 한국 요리 경험에서 달콤하고 매운 조화로 조화를 이룹니다.
ufood_des_244,"A bowl filled with flavorful elegance—chewy rice cakes, bathed in a sweet and spicy gochujang sauce, a celebration of Korean culinary ingenuity.","Một cái bát chứa đầy những món ăn gạo chần hương vị, được tắm trong nước sốt Gochujang ngọt và cay, một lễ kỷ niệm của sự khéo léo ẩm thực Hàn Quốc.","맛있는 우아함으로 가득 찬 그릇 - 기운 쌀 케이크, 달콤하고 매운 고쿠 장 소스에 목욕을했으며 한국 요리의 독창성을 축하합니다."
ufood_des_245,"A symphony of sweet and spicy in every bite—rice cakes immersed in a fiery gochujang sauce, a Korean culinary masterpiece.","Một bản giao hưởng của ngọt và cay trong mỗi miếng cắn, những chiếc bánh ban hoa đắm trong nước sốt Gochujang bốc lửa, một kiệt tác ẩm thực Hàn Quốc.",모든 물린에 달콤하고 매운 교향곡 - 한국 요리 걸작 인 불 같은 고추 장 소스에 담긴 케이크.
ufood_des_246,"Korean culinary poetry in a bowl—harmonizing chewy rice cakes with a fiery gochujang sauce, a dance of sweet and spicy flavors.","Thơ ẩm thực Hàn Quốc trong một bát bánh gạo nhai với nước sốt gochujang bốc lửa, một điệu nhảy của hương vị ngọt và cay.",그릇에 한국 요리시 - 불 같은 고추 장 소스로 질긴 쌀 케이크를 괴롭히는 달콤하고 매운 맛의 춤.
ufood_des_247,"Layers of chewy delight—rice cakes in a fiery gochujang sauce, offering a sweet and spicy melody, create a delightful Korean dining experience.","Các lớp Chewy Delight, những chiếc bánh trong một loại nước sốt Gochujang bốc lửa, mang đến một giai điệu ngọt ngào và cay, tạo ra một trải nghiệm ăn uống thú vị của Hàn Quốc.",질긴 즐거움의 층 - 달콤하고 매운 멜로디를 제공하는 불 같은 고추 장 소스의 케이크는 유쾌한 한국 식당 경험을 만듭니다.
ufood_des_248,"Korean elegance on display—showcasing chewy rice cakes in a sweet and spicy gochujang sauce, an exquisite and fiery indulgence.","Sự thanh lịch của Hàn Quốc được trưng bày trên những chiếc bánh gạo chàm trong một loại nước sốt gochujang ngọt và cay, một sự nuông chiều tinh tế và bốc lửa.",한국의 우아함 전시 - 달콤하고 매운 Gochujang 소스에 질긴 쌀 케이크를 가득 채우고 절묘하고 불 같은 방종.
ufood_des_249,A sensory journey through Korea—rice cakes immersed in a sweet and spicy gochujang sauce provide a taste of Korean culinary harmony.,"Một cuộc hành trình cảm giác qua Hàn Quốc, những chiếc bánh được đắm mình trong nước sốt Gochujang ngọt và cay cung cấp một hương vị của sự hài hòa ẩm thực của Hàn Quốc.",한국을 통한 감각 여행 - 달콤하고 매운 Gochujang 소스에 담그는 케이크는 한국 요리 조화의 맛을 제공합니다.
ufood_des_250,Delight in each chewy bite—rice cakes bathed in a fiery gochujang sauce offer a sweet and spicy sensation on the palate.,Niềm vui trong mỗi miếng cắn giòn giòn được tắm trong nước sốt Gochujang bốc lửa mang đến một cảm giác ngọt ngào và cay nồng trên vòm miệng.,각 끈적 끈적한 물기에 즐거움 - 불 같은 고추 장 소스에 목욕을 쓴 브리 체 케이크는 구개에 달콤하고 매운 감각을 제공합니다.
ufood_des_251,"Korean warmth in a bowl—chewy rice cakes, embraced by a sweet and spicy gochujang sauce, create a comforting embrace for the senses.","Sự ấm áp của Hàn Quốc trong một cái bánh gạo chần, được ôm bởi một loại nước sốt gochujang ngọt ngào và cay, tạo ra một cái ôm an ủi cho các giác quan.",그릇에있는 한국의 따뜻함 - 달콤하고 매운 Gochujang 소스로 옮겨져있는 쌀 케이크는 감각을위한 편안한 포옹을 만듭니다.
ufood_des_252,"Fragrant herbs, chewy rice cakes, and a sweet-spicy dance waltz together in a bowl of Korean culinary magic known as Tokbokki.","Các loại thảo mộc thơm, bánh gạo nhai, và một waltz khiêu vũ ngọt ngào trong một bát ma thuật ẩm thực Hàn Quốc được gọi là Tokbokki.","향기로운 허브, 질긴 라이스 케이크, 그리고 Tokbokki로 알려진 한국 요리 마법의 한 그릇에 달콤한 매운 댄스 왈츠."
ufood_des_253,Layers of goodness unfold—chewy rice cakes in a fiery gochujang sauce present an unforgettable sweet and spicy symphony.,Các lớp lòng tốt mở ra những chiếc bánh gạo chần chừ trong nước sốt Gochujang bốc lửa thể hiện một bản giao hưởng ngọt ngào và cay độc.,선의 층이 전개됩니다 - 불 같은 고추 장 소스의 쌀 케이크는 잊을 수없는 달콤하고 매운 심포니를 나타냅니다.
ufood_des_254,"Korean perfection—rice cakes immersed in a sweet and spicy gochujang sauce, a dish that whispers tales of vibrant markets and street vendors.","Sự hoàn hảo của Hàn Quốc, những chiếc bánh được đắm mình trong nước sốt Gochujang ngọt và cay, một món ăn thì thầm những câu chuyện về các thị trường sôi động và những người bán hàng rong.",한국의 완벽 함 - 생생한 시장과 거리 공급 업체의 이야기를 속삭이는 요리 인 달콤하고 매운 고쿠 장 소스에 담긴 케이크.
ufood_des_255,A sweet and spicy blend—Tokbokki's chewy rice cakes offer an ode to the exquisite flavors of Korean culinary expertise.,"Một hỗn hợp ngọt ngào và cay cay của Tokbokki, bánh gạo nhai của Tokbokki mang đến một bài thơ ca ngợi hương vị tinh tế của chuyên môn ẩm thực Hàn Quốc.",달콤하고 매운 혼합 - Tokbokki 's Chewy Rice Cakes는 한국 요리 전문 지식의 절묘한 맛을 제공합니다.
ufood_des_256,"Korean warmth in a bowl—chewy rice cakes, embraced by a sweet and spicy gochujang sauce, captivate the senses in every bite.","Sự ấm áp của Hàn Quốc trong một cái bánh gạo chệch, được ôm bởi một loại nước sốt Gochujang ngọt và cay, quyến rũ các giác quan trong mỗi miếng cắn.",그릇에있는 한국의 따뜻함 - 달콤하고 매운 고추 장 소스로 옮겨 간 쌀 케이크는 모든 물린 감각을 사로 잡습니다.
ufood_des_257,A bowl filled with the heart and soul of Korea—Tokbokki's chewy rice cakes deliver a taste of Korean culinary artistry.,"Một cái bát chứa đầy trái tim và linh hồn của Hàn Quốc, bánh gạo nhai của Hàn Quốc mang đến hương vị của nghệ thuật ẩm thực Hàn Quốc.",한국의 심장과 영혼으로 가득 찬 그릇 - Tokbokki의 질긴 쌀 케이크는 한국 요리 예술의 맛을 제공합니다.
ufood_des_258,A fragrant journey through Korea's culinary landscape—chewy rice cakes in a sweet and spicy gochujang sauce in perfect harmony.,"Một cuộc hành trình thơm xuyên qua phong cảnh ẩm thực của Hàn Quốc, những chiếc bánh gạo, trong một loại nước sốt Gochujang ngọt và cay trong sự hài hòa hoàn hảo.",한국의 요리 풍경을 통한 향기로운 여행 - 완벽하고 매운 고추 장 소스를 입은 쌀 케이크는 완벽한 조화를 이룹니다.
ufood_des_259,"Layers of delight—Tokbokki's chewy rice cakes, bathed in a sweet and spicy gochujang sauce, come together in a bowl of Korean culinary magic.","Các lớp của bánh gạo nhai của Tok Tokbokki, được tắm trong nước sốt Gochujang ngọt và cay, đến với nhau trong một bát ma thuật ẩm thực Hàn Quốc.",기쁨의 층 —Tokbokki의 질긴 라이스 케이크는 달콤하고 매운 Gochujang 소스를 입고 한국 요리 마법 한 그릇에 모입니다.
ufood_des_260,A bowl filled with the essence of Korea—Tokbokki's chewy rice cakes in a sweet and spicy gochujang sauce transport you to the bustling streets of Seoul.,Một cái bát chứa đầy bản chất của bánh gạo nhai của Hàn Quốc Tokbokki trong một loại nước sốt Gochujang ngọt ngào và cay độc đưa bạn đến những con đường nhộn nhịp của Seoul.,한국의 본질로 가득 찬 그릇 - 달콤하고 매운 Gochujang 소스를 입은 Tokbokki의 질긴 쌀 케이크가 서울의 번잡 한 거리로 당신을 운반합니다.
ufood_des_261,"Korean nourishment—Samgyetang, a steaming bowl featuring a whole young chicken, ginseng, jujubes, and garlic, creating a hearty and revitalizing soup.","Nuôi dưỡng Hàn Quốc Samgyetang, một bát hấp có cả gà trẻ, nhân sâm, jujubes và tỏi, tạo ra một món súp thịnh soạn và hồi sinh.","한국의 영양 - 아 젊은 닭고기, 인삼, 쥬브스, 마늘을 갖춘 김이 나는 그릇 인 사기 탕 (Samgyetang)."
ufood_des_262,"Dive into a bowl of Korean comfort—Samgyetang, a wholesome soup with a tender young chicken, ginseng, jujubes, and garlic, offering revitalizing flavors.","Đi sâu vào một bát thoải mái của Hàn Quốc, Samgyetang, một món súp lành mạnh với một con gà trẻ, nhân sâm, Jujubes và tỏi, cung cấp hương vị hồi sinh.","부드러운 어린 닭고기, 인삼, 주기브 및 마늘이 달린 건전한 수프 인 사기 탕 (Samgyetang)의 한국 안락한 그릇에 뛰어 들어 활력있는 풍미를 제공하십시오."
ufood_des_263,"Layers of warmth unfold—Samgyetang's comforting broth, tender young chicken, ginseng, jujubes, and garlic create a harmonious and nourishing Korean experience.","Các lớp ấm áp mở ra nước dùng an ủi của Samgyetang, gà trẻ mềm, nhân sâm, jujubes và tỏi tạo ra một trải nghiệm hài hòa và bổ dưỡng của Hàn Quốc.","따뜻한 층이 전개됩니다 - 사기 타탕의 편안한 국물, 부드러운 젊은 닭고기, 인삼, 주기브 및 마늘은 조화롭고 영양이 풍부한 한국의 경험을 만듭니다."
ufood_des_264,"A bowl filled with flavorful elegance—Samgyetang, featuring a whole young chicken, ginseng, jujubes, and garlic, a celebration of Korean culinary nourishment.","Một cái bát chứa đầy sự thanh lịch đầy hương vị của Samgyetang, bao gồm cả một con gà trẻ, nhân sâm, jujubes và tỏi, một lễ kỷ niệm nuôi dưỡng ẩm thực Hàn Quốc.","풍미있는 우아함으로 가득 찬 그릇 - 사기 탕 (Samgyetang)은 한국 요리의 영양을 축하하는 어린 닭고기, 인삼, 주기브 및 마늘을 특징으로합니다."
ufood_des_265,"A symphony of revitalizing flavors in every spoonful—Samgyetang's tender young chicken, ginseng, jujubes, and garlic, a Korean culinary masterpiece.","Một bản giao hưởng về hương vị hồi sinh trong mỗi muỗng gà, samgyetang, gà trẻ, nhân sâm, jujubes và tỏi, một kiệt tác ẩm thực Hàn Quốc.","한국의 요리 걸작 인 사기 타탕의 부드러운 젊은 닭, 인삼, 주기브, 마늘 (Samgyetang의 부드러운 젊은 닭고기, 마늘)."
ufood_des_266,"Korean culinary poetry in a bowl—harmonizing a whole young chicken with ginseng, jujubes, and garlic in Samgyetang, a comforting dance of nourishing flavors.","Thơ ẩm thực Hàn Quốc trong một cái bát, hòa hợp một con gà trẻ với nhân sâm, jujubes và tỏi ở Samgyetang, một điệu nhảy thoải mái của hương vị nuôi dưỡng.","그릇에 들어있는 한국의 요리시 - 사기 탕 (Samgyetang)의 인삼, 쥬 주브, 마늘로 어린 닭을 괴롭히는 영양 맛의 편안한 춤."
ufood_des_267,"Layers of hearty delight—Samgyetang's tender young chicken, ginseng, jujubes, and garlic offer a revitalizing melody, creating a delightful Korean dining experience.","Các lớp thú vị thịnh soạn của Samgyetang, gà trẻ, nhân sâm, Jujubes và tỏi của Samgyetang mang đến một giai điệu hồi sinh, tạo ra trải nghiệm ăn uống Hàn Quốc thú vị.","풍성한 즐거움의 층 —Samgyetang의 부드러운 젊은 닭, 인삼, 주기브 및 마늘은 활력있는 멜로디를 제공하여 유쾌한 한국 식사 경험을 제공합니다."
ufood_des_268,"Korean elegance on display—showcasing Samgyetang's whole young chicken, ginseng, jujubes, and garlic, an exquisite and nourishing indulgence.","Sự thanh lịch của Hàn Quốc được trưng bày, Showing Showcasing toàn bộ con gà, nhân sâm, Jujubes, và tỏi của Samgyetang, một sự nuông chiều tinh tế và nuôi dưỡng.","한국의 우아함 전시 - Samgyetang의 젊은 닭고기, 인삼, Jujubes 및 마늘, 절묘하고 영양이 풍부한 방종."
ufood_des_269,"A sensory journey through Korea—Samgyetang's comforting broth, tender young chicken, ginseng, jujubes, and garlic provide a taste of Korean culinary nourishment.","Một hành trình cảm giác qua nước dùng an ủi của Hàn Quốc, Samgyetang, gà trẻ mềm, nhân sâm, Jujubes và Tỏi cung cấp một hương vị nuôi dưỡng ẩm thực Hàn Quốc.","한국을 통한 감각 여행 - 사기 에탕의 편안한 국물, 부드러운 젊은 닭고기, 인삼, 주기브 및 마늘은 한국 요리의 영양의 맛을 제공합니다."
ufood_des_270,"Delight in each spoonful—Samgyetang's tender young chicken, ginseng, jujubes, and garlic offer a revitalizing sensation on the palate.","Niềm vui trong mỗi muỗng gà, nhân sâm, nhân sâm, Jujubes và tỏi của Samgyetang mang đến một cảm giác hồi sinh trên vòm miệng.","Samgyetang의 부드러운 젊은 닭, Ginseng, Jujubes 및 Garlic은 구개에 활력을주는 감각을 제공합니다."
ufood_des_271,"Korean warmth in a bowl—Samgyetang's comforting broth, tender young chicken, ginseng, jujubes, and garlic create a nourishing embrace for the senses.","Sự ấm áp của Hàn Quốc trong một cái bát nước dùng an ủi của Samgyetang, gà trẻ mềm, nhân sâm, jujubes và tỏi tạo ra một cái ôm nuôi dưỡng cho các giác quan.","그릇에있는 한국의 따뜻함 - 사기 타탕의 편안한 국물, 부드러운 젊은 닭고기, 인삼, 주기브 및 마늘은 감각에 대한 영양 포용을 만듭니다."
ufood_des_272,"Fragrant herbs, tender young chicken, and a revitalizing dance waltz together in a bowl of Korean culinary magic—Samgyetang.","Các loại thảo mộc thơm, gà trẻ mềm và một con vượn nhảy hồi sinh cùng nhau trong một bát ma thuật ẩm thực Hàn Quốc Samgyetang.","향기로운 허브, 부드러운 젊은 닭고기 및 활력있는 댄스 왈츠는 한국 요리 마법 (Samgyetang) 한 그릇에 왈츠를 함께합니다."
ufood_des_273,"Layers of goodness unfold—Samgyetang's comforting broth, tender young chicken, ginseng, jujubes, and garlic present an unforgettable and nourishing symphony.","Các lớp lòng tốt mở ra, nước dùng an ủi của Samgyetang, gà trẻ mềm, nhân sâm, jujubes và tỏi thể hiện một bản giao hưởng khó quên và bổ dưỡng.","선의 층이 전개됩니다 - 사기 타탕의 편안한 국물, 부드러운 젊은 닭고기, 인삼, 주기브 및 마늘은 잊을 수없는 영양가있는 심포니를 제시합니다."
ufood_des_274,"Korean perfection—tender young chicken, ginseng, jujubes, and garlic in Samgyetang, a dish that whispers tales of nourishment and well-being.","Sự hoàn hảo của Hàn Quốc, gà trẻ, nhân sâm, jujubes và tỏi ở Samgyetang, một món ăn thì thầm những câu chuyện về sự nuôi dưỡng và hạnh phúc.","한국의 완벽 함-Samgyetang의 텐더 어린 닭고기, 인삼, 쥬브스, 마늘, 영양과 복지 이야기를 속삭이는 요리."
ufood_des_275,"A revitalizing blend—Samgyetang's tender young chicken, ginseng, jujubes, and garlic offer an ode to the exquisite flavors of Korean culinary expertise.","Một hỗn hợp hồi sinh của Samgyetang, gà trẻ, nhân sâm, Jujubes và tỏi của Samgyetang cung cấp một bài thơ cho các hương vị tinh tế của chuyên môn ẩm thực Hàn Quốc.","활성화 된 혼합 - 사기 탕의 부드러운 젊은 닭, 인삼, 주기브 및 마늘은 한국 요리 전문 지식의 절묘한 맛을 제공합니다."
ufood_des_276,"Korean warmth in a bowl—Samgyetang's comforting broth, tender young chicken, ginseng, jujubes, and garlic captivate the senses in every spoonful.","Sự ấm áp của Hàn Quốc trong một cái bát nước dùng an ủi của Samgyetang, gà trẻ mềm, nhân sâm, jujubes và tỏi làm say đắm các giác quan trong mỗi muỗng.","그릇에있는 한국의 따뜻함 - 사기 타탕의 편안한 국물, 부드러운 젊은 닭고기, 인삼, 주기브 및 마늘은 모든 숟가락의 감각을 사로 잡습니다."
ufood_des_277,"A bowl filled with the heart and soul of Korea—Samgyetang's tender young chicken, ginseng, jujubes, and garlic deliver a taste of Korean culinary nourishment.","Một cái bát chứa đầy trái tim và linh hồn của Hàn Quốc, Gà trẻ, nhân sâm, Jujubes và tỏi của Hàn Quốc, Samgyetang mang đến một hương vị nuôi dưỡng ẩm thực Hàn Quốc.","한국의 심장과 영혼으로 가득 찬 그릇 - 사기 탕의 부드러운 젊은 닭, 인삼, 주기브 및 마늘은 한국 요리의 맛을 맛볼 수 있습니다."
ufood_des_278,"A fragrant journey through Korea's culinary landscape—Samgyetang's comforting broth, tender young chicken, ginseng, jujubes, and garlic in perfect harmony.","Một hành trình thơm xuyên qua phong cảnh ẩm thực của Hàn Quốc, nước dùng an ủi của Samgyetang, gà trẻ mềm, nhân sâm, jujubes và tỏi trong sự hài hòa hoàn hảo.","한국의 요리 풍경을 통한 향기로운 여행 - 사기 타탕의 편안한 국물, 부드러운 젊은 닭고기, 인삼, 주기브, 완벽한 조화로 마늘."
ufood_des_279,"Layers of delight—Samgyetang's tender young chicken, ginseng, jujubes, and garlic come together in a bowl of Korean culinary magic, offering a nourishing experience.","Các lớp thích thú, gà, nhân sâm, nhân sâm, Jujubes và tỏi của Samgyetang, và tỏi kết hợp với nhau trong một bát ma thuật ẩm thực Hàn Quốc, mang đến trải nghiệm nuôi dưỡng.","기쁨의 층 —Samgyetang의 부드러운 젊은 닭, Ginseng, Jujubes 및 Garlic은 한국의 요리 마법 한 그릇에 모여 영양분이 많은 경험을 제공합니다."
ufood_des_280,"A bowl filled with the essence of Korea—Samgyetang's tender young chicken, ginseng, jujubes, and garlic transport you to the nourishing heart of traditional Korean cuisine.","Một cái bát chứa đầy bản chất của Hàn Quốc, Gà trẻ, nhân sâm, Jujubes, và tỏi của Hàn Quốc đã đưa bạn đến trung tâm nuôi dưỡng của ẩm thực truyền thống của Hàn Quốc.","한국의 본질로 가득 찬 그릇 - Samgyetang의 부드러운 젊은 닭고기, 인삼, Jujubes 및 마늘은 한국 전통 요리의 영양 심장으로 당신을 운반합니다."